{"file_name":"backbooster","texture_size":[128,128],"textures":{"337044d3-7253-a54d-549d-aee0db7bf633":"modelengine:entity/pekodam"},"elements":[{"name":"cube","from":[6.2,19.400002,10.4],"to":[9.8,20.0,11.0],"rotation":{"angle":0.0,"axis":"x","origin":[8.0,8.0,8.6]},"faces":{"down":{"uv":[7.0,4.625,6.25,4.75],"rotation":0,"texture":"#337044d3-7253-a54d-549d-aee0db7bf633","tintindex":0},"east":{"uv":[8.5,1.75,8.625,1.875],"rotation":0,"texture":"#337044d3-7253-a54d-549d-aee0db7bf633","tintindex":0},"north":{"uv":[6.25,3.125,7.0,3.25],"rotation":0,"texture":"#337044d3-7253-a54d-549d-aee0db7bf633","tintindex":0},"south":{"uv":[3.5,6.25,4.25,6.375],"rotation":0,"texture":"#337044d3-7253-a54d-549d-aee0db7bf633","tintindex":0},"up":{"uv":[7.0,4.625,6.25,4.5],"rotation":0,"texture":"#337044d3-7253-a54d-549d-aee0db7bf633","tintindex":0},"west":{"uv":[1.875,8.5,2.0,8.625],"rotation":0,"texture":"#337044d3-7253-a54d-549d-aee0db7bf633","tintindex":0}}},{"name":"cube","from":[7.4,17.0,10.4],"to":[8.6,17.6,11.6],"rotation":{"angle":0.0,"axis":"x","origin":[8.0,8.0,8.6]},"faces":{"down":{"uv":[7.375,5.375,7.125,5.625],"rotation":0,"texture":"#337044d3-7253-a54d-549d-aee0db7bf633","tintindex":0},"east":{"uv":[8.125,3.375,8.375,3.5],"rotation":0,"texture":"#337044d3-7253-a54d-549d-aee0db7bf633","tintindex":0},"north":{"uv":[8.125,3.125,8.375,3.25],"rotation":0,"texture":"#337044d3-7253-a54d-549d-aee0db7bf633","tintindex":0},"south":{"uv":[8.125,3.875,8.375,4.0],"rotation":0,"texture":"#337044d3-7253-a54d-549d-aee0db7bf633","tintindex":0},"up":{"uv":[3.375,7.375,3.125,7.125],"rotation":0,"texture":"#337044d3-7253-a54d-549d-aee0db7bf633","tintindex":0},"west":{"uv":[8.125,4.0,8.375,4.125],"rotation":0,"texture":"#337044d3-7253-a54d-549d-aee0db7bf633","tintindex":0}}},{"name":"cube","from":[6.2,18.2,11.6],"to":[9.8,19.400002,12.2],"rotation":{"angle":0.0,"axis":"x","origin":[8.0,8.0,8.6]},"faces":{"down":{"uv":[7.0,5.75,6.25,5.875],"rotation":0,"texture":"#337044d3-7253-a54d-549d-aee0db7bf633","tintindex":0},"east":{"uv":[8.125,1.375,8.25,1.625],"rotation":0,"texture":"#337044d3-7253-a54d-549d-aee0db7bf633","tintindex":0},"north":{"uv":[4.625,2.0,5.375,2.25],"rotation":0,"texture":"#337044d3-7253-a54d-549d-aee0db7bf633","tintindex":0},"south":{"uv":[2.875,4.625,3.625,4.875],"rotation":0,"texture":"#337044d3-7253-a54d-549d-aee0db7bf633","tintindex":0},"up":{"uv":[7.0,5.75,6.25,5.625],"rotation":0,"texture":"#337044d3-7253-a54d-549d-aee0db7bf633","tintindex":0},"west":{"uv":[1.875,8.125,2.0,8.375],"rotation":0,"texture":"#337044d3-7253-a54d-549d-aee0db7bf633","tintindex":0}}},{"name":"cube","from":[8.6,19.400002,11.0],"to":[9.2,20.600002,11.6],"rotation":{"angle":0.0,"axis":"x","origin":[8.0,8.0,8.6]},"faces":{"down":{"uv":[3.375,8.5,3.25,8.625],"rotation":0,"texture":"#337044d3-7253-a54d-549d-aee0db7bf633","tintindex":0},"east":{"uv":[2.5,8.125,2.625,8.375],"rotation":0,"texture":"#337044d3-7253-a54d-549d-aee0db7bf633","tintindex":0},"north":{"uv":[2.0,8.125,2.125,8.375],"rotation":0,"texture":"#337044d3-7253-a54d-549d-aee0db7bf633","tintindex":0},"south":{"uv":[8.125,2.625,8.25,2.875],"rotation":0,"texture":"#337044d3-7253-a54d-549d-aee0db7bf633","tintindex":0},"up":{"uv":[3.25,8.625,3.125,8.5],"rotation":0,"texture":"#337044d3-7253-a54d-549d-aee0db7bf633","tintindex":0},"west":{"uv":[2.75,8.125,2.875,8.375],"rotation":0,"texture":"#337044d3-7253-a54d-549d-aee0db7bf633","tintindex":0}}},{"name":"cube","from":[6.8,19.400002,11.0],"to":[7.4,20.600002,11.6],"rotation":{"angle":0.0,"axis":"x","origin":[8.0,8.0,8.6]},"faces":{"down":{"uv":[3.5,8.5,3.375,8.625],"rotation":0,"texture":"#337044d3-7253-a54d-549d-aee0db7bf633","tintindex":0},"east":{"uv":[8.125,2.875,8.25,3.125],"rotation":0,"texture":"#337044d3-7253-a54d-549d-aee0db7bf633","tintindex":0},"north":{"uv":[2.875,8.125,3.0,8.375],"rotation":0,"texture":"#337044d3-7253-a54d-549d-aee0db7bf633","tintindex":0},"south":{"uv":[3.5,8.125,3.625,8.375],"rotation":0,"texture":"#337044d3-7253-a54d-549d-aee0db7bf633","tintindex":0},"up":{"uv":[8.625,3.375,8.5,3.25],"rotation":0,"texture":"#337044d3-7253-a54d-549d-aee0db7bf633","tintindex":0},"west":{"uv":[3.625,8.125,3.75,8.375],"rotation":0,"texture":"#337044d3-7253-a54d-549d-aee0db7bf633","tintindex":0}}},{"name":"cube","from":[9.2,17.6,11.6],"to":[9.8,18.2,12.2],"rotation":{"angle":0.0,"axis":"x","origin":[8.0,8.0,8.6]},"faces":{"down":{"uv":[8.625,2.375,8.5,2.5],"rotation":0,"texture":"#337044d3-7253-a54d-549d-aee0db7bf633","tintindex":0},"east":{"uv":[8.5,2.125,8.625,2.25],"rotation":0,"texture":"#337044d3-7253-a54d-549d-aee0db7bf633","tintindex":0},"north":{"uv":[2.125,8.5,2.25,8.625],"rotation":0,"texture":"#337044d3-7253-a54d-549d-aee0db7bf633","tintindex":0},"south":{"uv":[2.25,8.5,2.375,8.625],"rotation":0,"texture":"#337044d3-7253-a54d-549d-aee0db7bf633","tintindex":0},"up":{"uv":[2.5,8.625,2.375,8.5],"rotation":0,"texture":"#337044d3-7253-a54d-549d-aee0db7bf633","tintindex":0},"west":{"uv":[8.5,2.25,8.625,2.375],"rotation":0,"texture":"#337044d3-7253-a54d-549d-aee0db7bf633","tintindex":0}}},{"name":"cube","from":[7.4,17.6,11.6],"to":[8.6,18.2,12.2],"rotation":{"angle":0.0,"axis":"x","origin":[8.0,8.0,8.6]},"faces":{"down":{"uv":[8.375,2.5,8.125,2.625],"rotation":0,"texture":"#337044d3-7253-a54d-549d-aee0db7bf633","tintindex":0},"east":{"uv":[8.5,1.875,8.625,2.0],"rotation":0,"texture":"#337044d3-7253-a54d-549d-aee0db7bf633","tintindex":0},"north":{"uv":[8.125,2.0,8.375,2.125],"rotation":0,"texture":"#337044d3-7253-a54d-549d-aee0db7bf633","tintindex":0},"south":{"uv":[8.125,2.125,8.375,2.25],"rotation":0,"texture":"#337044d3-7253-a54d-549d-aee0db7bf633","tintindex":0},"up":{"uv":[8.375,2.375,8.125,2.25],"rotation":0,"texture":"#337044d3-7253-a54d-549d-aee0db7bf633","tintindex":0},"west":{"uv":[2.0,8.5,2.125,8.625],"rotation":0,"texture":"#337044d3-7253-a54d-549d-aee0db7bf633","tintindex":0}}},{"name":"cube","from":[6.2,17.6,11.6],"to":[6.8,18.2,12.2],"rotation":{"angle":0.0,"axis":"x","origin":[8.0,8.0,8.6]},"faces":{"down":{"uv":[8.625,3.0,8.5,3.125],"rotation":0,"texture":"#337044d3-7253-a54d-549d-aee0db7bf633","tintindex":0},"east":{"uv":[8.5,2.625,8.625,2.75],"rotation":0,"texture":"#337044d3-7253-a54d-549d-aee0db7bf633","tintindex":0},"north":{"uv":[2.625,8.5,2.75,8.625],"rotation":0,"texture":"#337044d3-7253-a54d-549d-aee0db7bf633","tintindex":0},"south":{"uv":[2.75,8.5,2.875,8.625],"rotation":0,"texture":"#337044d3-7253-a54d-549d-aee0db7bf633","tintindex":0},"up":{"uv":[3.125,8.625,3.0,8.5],"rotation":0,"texture":"#337044d3-7253-a54d-549d-aee0db7bf633","tintindex":0},"west":{"uv":[2.875,8.5,3.0,8.625],"rotation":0,"texture":"#337044d3-7253-a54d-549d-aee0db7bf633","tintindex":0}}},{"name":"cube","from":[6.2,17.6,10.4],"to":[9.8,19.400002,11.6],"rotation":{"angle":0.0,"axis":"x","origin":[8.0,8.0,8.6]},"faces":{"down":{"uv":[5.375,1.75,4.625,2.0],"rotation":0,"texture":"#337044d3-7253-a54d-549d-aee0db7bf633","tintindex":0},"east":{"uv":[1.0,6.25,1.25,6.625],"rotation":0,"texture":"#337044d3-7253-a54d-549d-aee0db7bf633","tintindex":0},"north":{"uv":[3.25,2.375,4.0,2.75],"rotation":0,"texture":"#337044d3-7253-a54d-549d-aee0db7bf633","tintindex":0},"south":{"uv":[3.25,2.75,4.0,3.125],"rotation":0,"texture":"#337044d3-7253-a54d-549d-aee0db7bf633","tintindex":0},"up":{"uv":[5.375,0.25,4.625,0.0],"rotation":0,"texture":"#337044d3-7253-a54d-549d-aee0db7bf633","tintindex":0},"west":{"uv":[1.25,6.25,1.5,6.625],"rotation":0,"texture":"#337044d3-7253-a54d-549d-aee0db7bf633","tintindex":0}}},{"name":"cube","from":[6.2,17.0,11.0],"to":[6.8,17.6,11.6],"rotation":{"angle":0.0,"axis":"x","origin":[8.0,8.0,8.6]},"faces":{"down":{"uv":[4.125,8.5,4.0,8.625],"rotation":0,"texture":"#337044d3-7253-a54d-549d-aee0db7bf633","tintindex":0},"east":{"uv":[8.5,3.5,8.625,3.625],"rotation":0,"texture":"#337044d3-7253-a54d-549d-aee0db7bf633","tintindex":0},"north":{"uv":[8.5,3.375,8.625,3.5],"rotation":0,"texture":"#337044d3-7253-a54d-549d-aee0db7bf633","tintindex":0},"south":{"uv":[8.5,3.75,8.625,3.875],"rotation":0,"texture":"#337044d3-7253-a54d-549d-aee0db7bf633","tintindex":0},"up":{"uv":[8.625,4.0,8.5,3.875],"rotation":0,"texture":"#337044d3-7253-a54d-549d-aee0db7bf633","tintindex":0},"west":{"uv":[3.875,8.5,4.0,8.625],"rotation":0,"texture":"#337044d3-7253-a54d-549d-aee0db7bf633","tintindex":0}}},{"name":"cube","from":[9.2,17.0,11.0],"to":[9.8,17.6,11.6],"rotation":{"angle":0.0,"axis":"x","origin":[8.0,8.0,8.6]},"faces":{"down":{"uv":[4.5,8.5,4.375,8.625],"rotation":0,"texture":"#337044d3-7253-a54d-549d-aee0db7bf633","tintindex":0},"east":{"uv":[4.125,8.5,4.25,8.625],"rotation":0,"texture":"#337044d3-7253-a54d-549d-aee0db7bf633","tintindex":0},"north":{"uv":[8.5,4.0,8.625,4.125],"rotation":0,"texture":"#337044d3-7253-a54d-549d-aee0db7bf633","tintindex":0},"south":{"uv":[8.5,4.125,8.625,4.25],"rotation":0,"texture":"#337044d3-7253-a54d-549d-aee0db7bf633","tintindex":0},"up":{"uv":[8.625,4.375,8.5,4.25],"rotation":0,"texture":"#337044d3-7253-a54d-549d-aee0db7bf633","tintindex":0},"west":{"uv":[4.25,8.5,4.375,8.625],"rotation":0,"texture":"#337044d3-7253-a54d-549d-aee0db7bf633","tintindex":0}}}],"display":{"head":{"translation":[0.0,-6.4,0.0],"rotation":[0.0,0.0,0.0],"scale":[3.8095,3.8095,3.8095]},"gui":{"translation":[0.0,0.0,0.0],"rotation":[35.0,225.0,0.0],"scale":[0.625,0.625,0.625]}}}