{"file_name":"boby","texture_size":[128,128],"textures":{"337044d3-7253-a54d-549d-aee0db7bf633":"modelengine:entity/pekodam"},"elements":[{"name":"cube","from":[5.0,6.8,6.2],"to":[7.4,8.6,7.4],"rotation":{"angle":0.0,"axis":"x","origin":[8.0,0.7999997,8.0]},"faces":{"down":{"uv":[2.125,5.625,1.625,5.875],"rotation":0,"texture":"#337044d3-7253-a54d-549d-aee0db7bf633","tintindex":0},"east":{"uv":[6.0,6.125,6.25,6.5],"rotation":0,"texture":"#337044d3-7253-a54d-549d-aee0db7bf633","tintindex":0},"north":{"uv":[2.375,4.5,2.875,4.875],"rotation":0,"texture":"#337044d3-7253-a54d-549d-aee0db7bf633","tintindex":0},"south":{"uv":[4.5,3.0,5.0,3.375],"rotation":0,"texture":"#337044d3-7253-a54d-549d-aee0db7bf633","tintindex":0},"up":{"uv":[6.0,2.5,5.5,2.25],"rotation":0,"texture":"#337044d3-7253-a54d-549d-aee0db7bf633","tintindex":0},"west":{"uv":[0.0,6.25,0.25,6.625],"rotation":0,"texture":"#337044d3-7253-a54d-549d-aee0db7bf633","tintindex":0}}},{"name":"cube","from":[5.6,6.8,5.6],"to":[6.8,8.0,6.2],"rotation":{"angle":0.0,"axis":"x","origin":[8.0,0.7999997,8.0]},"faces":{"down":{"uv":[0.625,8.25,0.375,8.375],"rotation":0,"texture":"#337044d3-7253-a54d-549d-aee0db7bf633","tintindex":0},"east":{"uv":[0.25,8.25,0.375,8.5],"rotation":0,"texture":"#337044d3-7253-a54d-549d-aee0db7bf633","tintindex":0},"north":{"uv":[2.625,7.25,2.875,7.5],"rotation":0,"texture":"#337044d3-7253-a54d-549d-aee0db7bf633","tintindex":0},"south":{"uv":[7.25,2.75,7.5,3.0],"rotation":0,"texture":"#337044d3-7253-a54d-549d-aee0db7bf633","tintindex":0},"up":{"uv":[8.375,7.75,8.125,7.625],"rotation":0,"texture":"#337044d3-7253-a54d-549d-aee0db7bf633","tintindex":0},"west":{"uv":[8.25,0.25,8.375,0.5],"rotation":0,"texture":"#337044d3-7253-a54d-549d-aee0db7bf633","tintindex":0}}},{"name":"cube","from":[9.2,6.8,5.6],"to":[10.4,8.0,6.2],"rotation":{"angle":0.0,"axis":"x","origin":[8.0,0.7999997,8.0]},"faces":{"down":{"uv":[8.5,0.875,8.25,1.0],"rotation":0,"texture":"#337044d3-7253-a54d-549d-aee0db7bf633","tintindex":0},"east":{"uv":[8.25,0.5,8.375,0.75],"rotation":0,"texture":"#337044d3-7253-a54d-549d-aee0db7bf633","tintindex":0},"north":{"uv":[2.875,7.25,3.125,7.5],"rotation":0,"texture":"#337044d3-7253-a54d-549d-aee0db7bf633","tintindex":0},"south":{"uv":[7.25,3.0,7.5,3.25],"rotation":0,"texture":"#337044d3-7253-a54d-549d-aee0db7bf633","tintindex":0},"up":{"uv":[8.5,0.875,8.25,0.75],"rotation":0,"texture":"#337044d3-7253-a54d-549d-aee0db7bf633","tintindex":0},"west":{"uv":[0.625,8.25,0.75,8.5],"rotation":0,"texture":"#337044d3-7253-a54d-549d-aee0db7bf633","tintindex":0}}},{"name":"cube","from":[8.6,6.8,6.2],"to":[11.0,8.6,7.4],"rotation":{"angle":0.0,"axis":"x","origin":[8.0,0.7999997,8.0]},"faces":{"down":{"uv":[6.25,3.0,5.75,3.25],"rotation":0,"texture":"#337044d3-7253-a54d-549d-aee0db7bf633","tintindex":0},"east":{"uv":[6.25,5.875,6.5,6.25],"rotation":0,"texture":"#337044d3-7253-a54d-549d-aee0db7bf633","tintindex":0},"north":{"uv":[4.875,1.0,5.375,1.375],"rotation":0,"texture":"#337044d3-7253-a54d-549d-aee0db7bf633","tintindex":0},"south":{"uv":[1.875,4.875,2.375,5.25],"rotation":0,"texture":"#337044d3-7253-a54d-549d-aee0db7bf633","tintindex":0},"up":{"uv":[6.25,1.25,5.75,1.0],"rotation":0,"texture":"#337044d3-7253-a54d-549d-aee0db7bf633","tintindex":0},"west":{"uv":[6.25,6.25,6.5,6.625],"rotation":0,"texture":"#337044d3-7253-a54d-549d-aee0db7bf633","tintindex":0}}},{"name":"cube","from":[5.0,5.6,5.6],"to":[6.8,6.2,6.2],"rotation":{"angle":0.0,"axis":"x","origin":[8.0,0.7999997,8.0]},"faces":{"down":{"uv":[8.125,2.875,7.75,3.0],"rotation":0,"texture":"#337044d3-7253-a54d-549d-aee0db7bf633","tintindex":0},"east":{"uv":[6.625,8.375,6.75,8.5],"rotation":0,"texture":"#337044d3-7253-a54d-549d-aee0db7bf633","tintindex":0},"north":{"uv":[7.75,2.5,8.125,2.625],"rotation":0,"texture":"#337044d3-7253-a54d-549d-aee0db7bf633","tintindex":0},"south":{"uv":[7.75,2.625,8.125,2.75],"rotation":0,"texture":"#337044d3-7253-a54d-549d-aee0db7bf633","tintindex":0},"up":{"uv":[8.125,2.875,7.75,2.75],"rotation":0,"texture":"#337044d3-7253-a54d-549d-aee0db7bf633","tintindex":0},"west":{"uv":[6.75,8.375,6.875,8.5],"rotation":0,"texture":"#337044d3-7253-a54d-549d-aee0db7bf633","tintindex":0}}},{"name":"cube","from":[5.6,6.8,9.8],"to":[7.4,7.4,10.4],"rotation":{"angle":0.0,"axis":"x","origin":[8.0,0.7999997,8.0]},"faces":{"down":{"uv":[8.125,2.875,7.75,3.0],"rotation":0,"texture":"#337044d3-7253-a54d-549d-aee0db7bf633","tintindex":0},"east":{"uv":[6.625,8.375,6.75,8.5],"rotation":0,"texture":"#337044d3-7253-a54d-549d-aee0db7bf633","tintindex":0},"north":{"uv":[7.75,2.5,8.125,2.625],"rotation":0,"texture":"#337044d3-7253-a54d-549d-aee0db7bf633","tintindex":0},"south":{"uv":[7.75,2.625,8.125,2.75],"rotation":0,"texture":"#337044d3-7253-a54d-549d-aee0db7bf633","tintindex":0},"up":{"uv":[8.125,2.875,7.75,2.75],"rotation":0,"texture":"#337044d3-7253-a54d-549d-aee0db7bf633","tintindex":0},"west":{"uv":[6.75,8.375,6.875,8.5],"rotation":0,"texture":"#337044d3-7253-a54d-549d-aee0db7bf633","tintindex":0}}},{"name":"cube","from":[8.6,6.8,9.8],"to":[10.4,7.4,10.4],"rotation":{"angle":0.0,"axis":"x","origin":[8.0,0.7999997,8.0]},"faces":{"down":{"uv":[8.125,2.875,7.75,3.0],"rotation":0,"texture":"#337044d3-7253-a54d-549d-aee0db7bf633","tintindex":0},"east":{"uv":[6.625,8.375,6.75,8.5],"rotation":0,"texture":"#337044d3-7253-a54d-549d-aee0db7bf633","tintindex":0},"north":{"uv":[7.75,2.5,8.125,2.625],"rotation":0,"texture":"#337044d3-7253-a54d-549d-aee0db7bf633","tintindex":0},"south":{"uv":[7.75,2.625,8.125,2.75],"rotation":0,"texture":"#337044d3-7253-a54d-549d-aee0db7bf633","tintindex":0},"up":{"uv":[8.125,2.875,7.75,2.75],"rotation":0,"texture":"#337044d3-7253-a54d-549d-aee0db7bf633","tintindex":0},"west":{"uv":[6.75,8.375,6.875,8.5],"rotation":0,"texture":"#337044d3-7253-a54d-549d-aee0db7bf633","tintindex":0}}},{"name":"cube","from":[9.2,5.6,5.6],"to":[11.0,6.2,6.2],"rotation":{"angle":0.0,"axis":"x","origin":[8.0,0.7999997,8.0]},"faces":{"down":{"uv":[8.125,4.125,7.75,4.25],"rotation":0,"texture":"#337044d3-7253-a54d-549d-aee0db7bf633","tintindex":0},"east":{"uv":[8.5,5.625,8.625,5.75],"rotation":0,"texture":"#337044d3-7253-a54d-549d-aee0db7bf633","tintindex":0},"north":{"uv":[3.875,7.75,4.25,7.875],"rotation":0,"texture":"#337044d3-7253-a54d-549d-aee0db7bf633","tintindex":0},"south":{"uv":[7.75,3.875,8.125,4.0],"rotation":0,"texture":"#337044d3-7253-a54d-549d-aee0db7bf633","tintindex":0},"up":{"uv":[8.125,4.125,7.75,4.0],"rotation":0,"texture":"#337044d3-7253-a54d-549d-aee0db7bf633","tintindex":0},"west":{"uv":[8.5,5.75,8.625,5.875],"rotation":0,"texture":"#337044d3-7253-a54d-549d-aee0db7bf633","tintindex":0}}},{"name":"cube","from":[3.7999997,5.6,6.2],"to":[4.3999996,6.2,11.0],"rotation":{"angle":0.0,"axis":"x","origin":[8.0,0.7999997,8.0]},"faces":{"down":{"uv":[2.25,5.625,2.125,6.625],"rotation":0,"texture":"#337044d3-7253-a54d-549d-aee0db7bf633","tintindex":0},"east":{"uv":[5.5,1.625,6.5,1.75],"rotation":0,"texture":"#337044d3-7253-a54d-549d-aee0db7bf633","tintindex":0},"north":{"uv":[8.375,7.0,8.5,7.125],"rotation":0,"texture":"#337044d3-7253-a54d-549d-aee0db7bf633","tintindex":0},"south":{"uv":[7.125,8.375,7.25,8.5],"rotation":0,"texture":"#337044d3-7253-a54d-549d-aee0db7bf633","tintindex":0},"up":{"uv":[1.0,6.5,0.875,5.5],"rotation":0,"texture":"#337044d3-7253-a54d-549d-aee0db7bf633","tintindex":0},"west":{"uv":[5.5,2.5,6.5,2.625],"rotation":0,"texture":"#337044d3-7253-a54d-549d-aee0db7bf633","tintindex":0}}},{"name":"cube","from":[3.7999997,5.0,8.6],"to":[4.3999996,5.6,11.6],"rotation":{"angle":0.0,"axis":"x","origin":[8.0,0.7999997,8.0]},"faces":{"down":{"uv":[0.625,6.5,0.5,7.125],"rotation":0,"texture":"#337044d3-7253-a54d-549d-aee0db7bf633","tintindex":0},"east":{"uv":[6.875,3.875,7.5,4.0],"rotation":0,"texture":"#337044d3-7253-a54d-549d-aee0db7bf633","tintindex":0},"north":{"uv":[8.5,4.875,8.625,5.0],"rotation":0,"texture":"#337044d3-7253-a54d-549d-aee0db7bf633","tintindex":0},"south":{"uv":[8.5,5.0,8.625,5.125],"rotation":0,"texture":"#337044d3-7253-a54d-549d-aee0db7bf633","tintindex":0},"up":{"uv":[2.625,7.0,2.5,6.375],"rotation":0,"texture":"#337044d3-7253-a54d-549d-aee0db7bf633","tintindex":0},"west":{"uv":[6.875,4.0,7.5,4.125],"rotation":0,"texture":"#337044d3-7253-a54d-549d-aee0db7bf633","tintindex":0}}},{"name":"cube","from":[11.6,5.0,8.6],"to":[12.2,5.6,11.6],"rotation":{"angle":0.0,"axis":"x","origin":[8.0,0.7999997,8.0]},"faces":{"down":{"uv":[0.5,6.875,0.375,7.5],"rotation":0,"texture":"#337044d3-7253-a54d-549d-aee0db7bf633","tintindex":0},"east":{"uv":[6.875,4.125,7.5,4.25],"rotation":0,"texture":"#337044d3-7253-a54d-549d-aee0db7bf633","tintindex":0},"north":{"uv":[8.5,5.375,8.625,5.5],"rotation":0,"texture":"#337044d3-7253-a54d-549d-aee0db7bf633","tintindex":0},"south":{"uv":[8.5,5.5,8.625,5.625],"rotation":0,"texture":"#337044d3-7253-a54d-549d-aee0db7bf633","tintindex":0},"up":{"uv":[6.25,7.375,6.125,6.75],"rotation":0,"texture":"#337044d3-7253-a54d-549d-aee0db7bf633","tintindex":0},"west":{"uv":[6.875,4.375,7.5,4.5],"rotation":0,"texture":"#337044d3-7253-a54d-549d-aee0db7bf633","tintindex":0}}},{"name":"cube","from":[4.3999996,5.0,11.6],"to":[11.6,5.6,12.2],"rotation":{"angle":0.0,"axis":"x","origin":[8.0,0.7999997,8.0]},"faces":{"down":{"uv":[6.375,0.625,4.875,0.75],"rotation":0,"texture":"#337044d3-7253-a54d-549d-aee0db7bf633","tintindex":0},"east":{"uv":[8.5,5.125,8.625,5.25],"rotation":0,"texture":"#337044d3-7253-a54d-549d-aee0db7bf633","tintindex":0},"north":{"uv":[4.875,0.25,6.375,0.375],"rotation":0,"texture":"#337044d3-7253-a54d-549d-aee0db7bf633","tintindex":0},"south":{"uv":[4.875,0.375,6.375,0.5],"rotation":0,"texture":"#337044d3-7253-a54d-549d-aee0db7bf633","tintindex":0},"up":{"uv":[6.375,0.625,4.875,0.5],"rotation":0,"texture":"#337044d3-7253-a54d-549d-aee0db7bf633","tintindex":0},"west":{"uv":[8.5,5.25,8.625,5.375],"rotation":0,"texture":"#337044d3-7253-a54d-549d-aee0db7bf633","tintindex":0}}},{"name":"cube","from":[11.6,5.6,6.2],"to":[12.2,6.2,11.0],"rotation":{"angle":0.0,"axis":"x","origin":[8.0,0.7999997,8.0]},"faces":{"down":{"uv":[4.75,5.625,4.625,6.625],"rotation":0,"texture":"#337044d3-7253-a54d-549d-aee0db7bf633","tintindex":0},"east":{"uv":[5.5,3.375,6.5,3.5],"rotation":0,"texture":"#337044d3-7253-a54d-549d-aee0db7bf633","tintindex":0},"north":{"uv":[8.5,4.625,8.625,4.75],"rotation":0,"texture":"#337044d3-7253-a54d-549d-aee0db7bf633","tintindex":0},"south":{"uv":[8.5,4.75,8.625,4.875],"rotation":0,"texture":"#337044d3-7253-a54d-549d-aee0db7bf633","tintindex":0},"up":{"uv":[4.625,6.625,4.5,5.625],"rotation":0,"texture":"#337044d3-7253-a54d-549d-aee0db7bf633","tintindex":0},"west":{"uv":[3.5,5.625,4.5,5.75],"rotation":0,"texture":"#337044d3-7253-a54d-549d-aee0db7bf633","tintindex":0}}},{"name":"cube","from":[4.3999996,6.2,6.2],"to":[5.6,6.8,10.4],"rotation":{"angle":0.0,"axis":"x","origin":[8.0,0.7999997,8.0]},"faces":{"down":{"uv":[0.25,4.125,0.0,5.0],"rotation":0,"texture":"#337044d3-7253-a54d-549d-aee0db7bf633","tintindex":0},"east":{"uv":[6.0,2.875,6.875,3.0],"rotation":0,"texture":"#337044d3-7253-a54d-549d-aee0db7bf633","tintindex":0},"north":{"uv":[8.0,2.375,8.25,2.5],"rotation":0,"texture":"#337044d3-7253-a54d-549d-aee0db7bf633","tintindex":0},"south":{"uv":[8.0,3.25,8.25,3.375],"rotation":0,"texture":"#337044d3-7253-a54d-549d-aee0db7bf633","tintindex":0},"up":{"uv":[4.25,4.875,4.0,4.0],"rotation":0,"texture":"#337044d3-7253-a54d-549d-aee0db7bf633","tintindex":0},"west":{"uv":[6.0,3.25,6.875,3.375],"rotation":0,"texture":"#337044d3-7253-a54d-549d-aee0db7bf633","tintindex":0}}},{"name":"cube","from":[10.4,6.2,6.2],"to":[11.6,6.8,10.4],"rotation":{"angle":0.0,"axis":"x","origin":[8.0,0.7999997,8.0]},"faces":{"down":{"uv":[0.75,4.25,0.5,5.125],"rotation":0,"texture":"#337044d3-7253-a54d-549d-aee0db7bf633","tintindex":0},"east":{"uv":[4.75,6.0,5.625,6.125],"rotation":0,"texture":"#337044d3-7253-a54d-549d-aee0db7bf633","tintindex":0},"north":{"uv":[8.125,4.125,8.375,4.25],"rotation":0,"texture":"#337044d3-7253-a54d-549d-aee0db7bf633","tintindex":0},"south":{"uv":[8.125,4.25,8.375,4.375],"rotation":0,"texture":"#337044d3-7253-a54d-549d-aee0db7bf633","tintindex":0},"up":{"uv":[0.5,5.0,0.25,4.125],"rotation":0,"texture":"#337044d3-7253-a54d-549d-aee0db7bf633","tintindex":0},"west":{"uv":[6.125,3.5,7.0,3.625],"rotation":0,"texture":"#337044d3-7253-a54d-549d-aee0db7bf633","tintindex":0}}},{"name":"cube","from":[5.0,6.8,7.4],"to":[6.8,8.0,9.8],"rotation":{"angle":0.0,"axis":"x","origin":[8.0,0.7999997,8.0]},"faces":{"down":{"uv":[4.125,0.25,3.625,0.75],"rotation":0,"texture":"#337044d3-7253-a54d-549d-aee0db7bf633","tintindex":0},"east":{"uv":[5.375,5.375,5.875,5.625],"rotation":0,"texture":"#337044d3-7253-a54d-549d-aee0db7bf633","tintindex":0},"north":{"uv":[5.375,5.125,5.875,5.375],"rotation":0,"texture":"#337044d3-7253-a54d-549d-aee0db7bf633","tintindex":0},"south":{"uv":[0.375,5.5,0.875,5.75],"rotation":0,"texture":"#337044d3-7253-a54d-549d-aee0db7bf633","tintindex":0},"up":{"uv":[0.5,4.125,0.0,3.625],"rotation":0,"texture":"#337044d3-7253-a54d-549d-aee0db7bf633","tintindex":0},"west":{"uv":[5.5,1.375,6.0,1.625],"rotation":0,"texture":"#337044d3-7253-a54d-549d-aee0db7bf633","tintindex":0}}},{"name":"cube","from":[9.2,6.8,7.4],"to":[11.0,8.0,9.8],"rotation":{"angle":0.0,"axis":"x","origin":[8.0,0.7999997,8.0]},"faces":{"down":{"uv":[2.0,4.0,1.5,4.5],"rotation":0,"texture":"#337044d3-7253-a54d-549d-aee0db7bf633","tintindex":0},"east":{"uv":[5.625,4.0,6.125,4.25],"rotation":0,"texture":"#337044d3-7253-a54d-549d-aee0db7bf633","tintindex":0},"north":{"uv":[5.625,3.75,6.125,4.0],"rotation":0,"texture":"#337044d3-7253-a54d-549d-aee0db7bf633","tintindex":0},"south":{"uv":[4.75,5.625,5.25,5.875],"rotation":0,"texture":"#337044d3-7253-a54d-549d-aee0db7bf633","tintindex":0},"up":{"uv":[4.5,1.5,4.0,1.0],"rotation":0,"texture":"#337044d3-7253-a54d-549d-aee0db7bf633","tintindex":0},"west":{"uv":[5.25,5.625,5.75,5.875],"rotation":0,"texture":"#337044d3-7253-a54d-549d-aee0db7bf633","tintindex":0}}},{"name":"cube","from":[4.3999996,6.2,10.4],"to":[11.6,6.8,11.0],"rotation":{"angle":0.0,"axis":"x","origin":[8.0,0.7999997,8.0]},"faces":{"down":{"uv":[6.0,2.875,4.5,3.0],"rotation":0,"texture":"#337044d3-7253-a54d-549d-aee0db7bf633","tintindex":0},"east":{"uv":[8.375,6.375,8.5,6.5],"rotation":0,"texture":"#337044d3-7253-a54d-549d-aee0db7bf633","tintindex":0},"north":{"uv":[4.0,3.375,5.5,3.5],"rotation":0,"texture":"#337044d3-7253-a54d-549d-aee0db7bf633","tintindex":0},"south":{"uv":[4.5,2.625,6.0,2.75],"rotation":0,"texture":"#337044d3-7253-a54d-549d-aee0db7bf633","tintindex":0},"up":{"uv":[6.0,2.875,4.5,2.75],"rotation":0,"texture":"#337044d3-7253-a54d-549d-aee0db7bf633","tintindex":0},"west":{"uv":[6.5,8.375,6.625,8.5],"rotation":0,"texture":"#337044d3-7253-a54d-549d-aee0db7bf633","tintindex":0}}},{"name":"cube","from":[4.3999996,5.6,11.0],"to":[11.6,6.2,11.6],"rotation":{"angle":0.0,"axis":"x","origin":[8.0,0.7999997,8.0]},"faces":{"down":{"uv":[5.75,4.75,4.25,4.875],"rotation":0,"texture":"#337044d3-7253-a54d-549d-aee0db7bf633","tintindex":0},"east":{"uv":[8.5,4.375,8.625,4.5],"rotation":0,"texture":"#337044d3-7253-a54d-549d-aee0db7bf633","tintindex":0},"north":{"uv":[4.625,3.5,6.125,3.625],"rotation":0,"texture":"#337044d3-7253-a54d-549d-aee0db7bf633","tintindex":0},"south":{"uv":[4.625,3.625,6.125,3.75],"rotation":0,"texture":"#337044d3-7253-a54d-549d-aee0db7bf633","tintindex":0},"up":{"uv":[6.125,4.5,4.625,4.375],"rotation":0,"texture":"#337044d3-7253-a54d-549d-aee0db7bf633","tintindex":0},"west":{"uv":[8.5,4.5,8.625,4.625],"rotation":0,"texture":"#337044d3-7253-a54d-549d-aee0db7bf633","tintindex":0}}},{"name":"cube","from":[4.3999996,5.0,5.6],"to":[7.4,5.6,6.2],"rotation":{"angle":0.0,"axis":"x","origin":[8.0,0.7999997,8.0]},"faces":{"down":{"uv":[7.5,3.75,6.875,3.875],"rotation":0,"texture":"#337044d3-7253-a54d-549d-aee0db7bf633","tintindex":0},"east":{"uv":[6.875,8.375,7.0,8.5],"rotation":0,"texture":"#337044d3-7253-a54d-549d-aee0db7bf633","tintindex":0},"north":{"uv":[6.75,4.75,7.375,4.875],"rotation":0,"texture":"#337044d3-7253-a54d-549d-aee0db7bf633","tintindex":0},"south":{"uv":[6.875,3.25,7.5,3.375],"rotation":0,"texture":"#337044d3-7253-a54d-549d-aee0db7bf633","tintindex":0},"up":{"uv":[7.5,3.75,6.875,3.625],"rotation":0,"texture":"#337044d3-7253-a54d-549d-aee0db7bf633","tintindex":0},"west":{"uv":[7.0,8.375,7.125,8.5],"rotation":0,"texture":"#337044d3-7253-a54d-549d-aee0db7bf633","tintindex":0}}},{"name":"cube","from":[8.6,5.0,5.6],"to":[11.6,5.6,6.2],"rotation":{"angle":0.0,"axis":"x","origin":[8.0,0.7999997,8.0]},"faces":{"down":{"uv":[7.5,5.25,6.875,5.375],"rotation":0,"texture":"#337044d3-7253-a54d-549d-aee0db7bf633","tintindex":0},"east":{"uv":[5.875,8.5,6.0,8.625],"rotation":0,"texture":"#337044d3-7253-a54d-549d-aee0db7bf633","tintindex":0},"north":{"uv":[6.875,4.875,7.5,5.0],"rotation":0,"texture":"#337044d3-7253-a54d-549d-aee0db7bf633","tintindex":0},"south":{"uv":[6.875,5.0,7.5,5.125],"rotation":0,"texture":"#337044d3-7253-a54d-549d-aee0db7bf633","tintindex":0},"up":{"uv":[7.5,5.25,6.875,5.125],"rotation":0,"texture":"#337044d3-7253-a54d-549d-aee0db7bf633","tintindex":0},"west":{"uv":[8.5,5.875,8.625,6.0],"rotation":0,"texture":"#337044d3-7253-a54d-549d-aee0db7bf633","tintindex":0}}},{"name":"cube","from":[7.4,6.2,5.6],"to":[8.6,7.4,6.8],"rotation":{"angle":0.0,"axis":"x","origin":[8.0,0.7999997,8.0]},"faces":{"down":{"uv":[7.25,4.5,7.0,4.75],"rotation":0,"texture":"#337044d3-7253-a54d-549d-aee0db7bf633","tintindex":0},"east":{"uv":[3.75,7.0,4.0,7.25],"rotation":0,"texture":"#337044d3-7253-a54d-549d-aee0db7bf633","tintindex":0},"north":{"uv":[3.5,7.0,3.75,7.25],"rotation":0,"texture":"#337044d3-7253-a54d-549d-aee0db7bf633","tintindex":0},"south":{"uv":[4.0,7.0,4.25,7.25],"rotation":0,"texture":"#337044d3-7253-a54d-549d-aee0db7bf633","tintindex":0},"up":{"uv":[4.75,7.25,4.5,7.0],"rotation":0,"texture":"#337044d3-7253-a54d-549d-aee0db7bf633","tintindex":0},"west":{"uv":[4.25,7.0,4.5,7.25],"rotation":0,"texture":"#337044d3-7253-a54d-549d-aee0db7bf633","tintindex":0}}},{"name":"cube","from":[5.6,6.2,6.2],"to":[7.4,6.8,6.8],"rotation":{"angle":0.0,"axis":"x","origin":[8.0,0.7999997,8.0]},"faces":{"down":{"uv":[5.0,7.75,4.625,7.875],"rotation":0,"texture":"#337044d3-7253-a54d-549d-aee0db7bf633","tintindex":0},"east":{"uv":[6.0,8.5,6.125,8.625],"rotation":0,"texture":"#337044d3-7253-a54d-549d-aee0db7bf633","tintindex":0},"north":{"uv":[4.25,7.75,4.625,7.875],"rotation":0,"texture":"#337044d3-7253-a54d-549d-aee0db7bf633","tintindex":0},"south":{"uv":[7.75,4.25,8.125,4.375],"rotation":0,"texture":"#337044d3-7253-a54d-549d-aee0db7bf633","tintindex":0},"up":{"uv":[8.125,4.625,7.75,4.5],"rotation":0,"texture":"#337044d3-7253-a54d-549d-aee0db7bf633","tintindex":0},"west":{"uv":[8.5,6.0,8.625,6.125],"rotation":0,"texture":"#337044d3-7253-a54d-549d-aee0db7bf633","tintindex":0}}},{"name":"cube","from":[8.6,6.2,6.2],"to":[10.4,6.8,6.8],"rotation":{"angle":0.0,"axis":"x","origin":[8.0,0.7999997,8.0]},"faces":{"down":{"uv":[8.125,5.0,7.75,5.125],"rotation":0,"texture":"#337044d3-7253-a54d-549d-aee0db7bf633","tintindex":0},"east":{"uv":[6.25,8.5,6.375,8.625],"rotation":0,"texture":"#337044d3-7253-a54d-549d-aee0db7bf633","tintindex":0},"north":{"uv":[7.75,4.625,8.125,4.75],"rotation":0,"texture":"#337044d3-7253-a54d-549d-aee0db7bf633","tintindex":0},"south":{"uv":[7.75,4.75,8.125,4.875],"rotation":0,"texture":"#337044d3-7253-a54d-549d-aee0db7bf633","tintindex":0},"up":{"uv":[8.125,5.0,7.75,4.875],"rotation":0,"texture":"#337044d3-7253-a54d-549d-aee0db7bf633","tintindex":0},"west":{"uv":[8.5,6.25,8.625,6.375],"rotation":0,"texture":"#337044d3-7253-a54d-549d-aee0db7bf633","tintindex":0}}},{"name":"cube","from":[7.4,7.4,5.6],"to":[8.6,8.0,6.2],"rotation":{"angle":0.0,"axis":"x","origin":[8.0,0.7999997,8.0]},"faces":{"down":{"uv":[8.5,1.25,8.25,1.375],"rotation":0,"texture":"#337044d3-7253-a54d-549d-aee0db7bf633","tintindex":0},"east":{"uv":[6.125,8.5,6.25,8.625],"rotation":0,"texture":"#337044d3-7253-a54d-549d-aee0db7bf633","tintindex":0},"north":{"uv":[8.25,1.0,8.5,1.125],"rotation":0,"texture":"#337044d3-7253-a54d-549d-aee0db7bf633","tintindex":0},"south":{"uv":[1.125,8.25,1.375,8.375],"rotation":0,"texture":"#337044d3-7253-a54d-549d-aee0db7bf633","tintindex":0},"up":{"uv":[8.5,1.25,8.25,1.125],"rotation":0,"texture":"#337044d3-7253-a54d-549d-aee0db7bf633","tintindex":0},"west":{"uv":[8.5,6.125,8.625,6.25],"rotation":0,"texture":"#337044d3-7253-a54d-549d-aee0db7bf633","tintindex":0}}},{"name":"cube","from":[5.6,8.0,7.4],"to":[10.4,9.2,9.2],"rotation":{"angle":0.0,"axis":"x","origin":[8.0,0.7999997,8.0]},"faces":{"down":{"uv":[3.25,0.375,2.25,0.75],"rotation":0,"texture":"#337044d3-7253-a54d-549d-aee0db7bf633","tintindex":0},"east":{"uv":[0.25,6.25,0.625,6.5],"rotation":0,"texture":"#337044d3-7253-a54d-549d-aee0db7bf633","tintindex":0},"north":{"uv":[3.625,3.5,4.625,3.75],"rotation":0,"texture":"#337044d3-7253-a54d-549d-aee0db7bf633","tintindex":0},"south":{"uv":[1.875,3.75,2.875,4.0],"rotation":0,"texture":"#337044d3-7253-a54d-549d-aee0db7bf633","tintindex":0},"up":{"uv":[3.25,0.375,2.25,0.0],"rotation":0,"texture":"#337044d3-7253-a54d-549d-aee0db7bf633","tintindex":0},"west":{"uv":[6.25,0.75,6.625,1.0],"rotation":0,"texture":"#337044d3-7253-a54d-549d-aee0db7bf633","tintindex":0}}},{"name":"cube","from":[9.2,9.2,7.4],"to":[9.8,12.8,9.2],"rotation":{"angle":0.0,"axis":"x","origin":[8.0,0.7999997,8.0]},"faces":{"down":{"uv":[7.875,3.5,7.75,3.875],"rotation":0,"texture":"#337044d3-7253-a54d-549d-aee0db7bf633","tintindex":0},"east":{"uv":[3.25,0.0,3.625,0.75],"rotation":0,"texture":"#337044d3-7253-a54d-549d-aee0db7bf633","tintindex":0},"north":{"uv":[0.75,5.75,0.875,6.5],"rotation":0,"texture":"#337044d3-7253-a54d-549d-aee0db7bf633","tintindex":0},"south":{"uv":[2.0,5.875,2.125,6.625],"rotation":0,"texture":"#337044d3-7253-a54d-549d-aee0db7bf633","tintindex":0},"up":{"uv":[3.625,8.125,3.5,7.75],"rotation":0,"texture":"#337044d3-7253-a54d-549d-aee0db7bf633","tintindex":0},"west":{"uv":[0.75,3.25,1.125,4.0],"rotation":0,"texture":"#337044d3-7253-a54d-549d-aee0db7bf633","tintindex":0}}},{"name":"cube","from":[6.2,9.2,7.4],"to":[6.8,12.8,9.2],"rotation":{"angle":0.0,"axis":"x","origin":[8.0,0.7999997,8.0]},"faces":{"down":{"uv":[3.875,7.75,3.75,8.125],"rotation":0,"texture":"#337044d3-7253-a54d-549d-aee0db7bf633","tintindex":0},"east":{"uv":[1.125,3.25,1.5,4.0],"rotation":0,"texture":"#337044d3-7253-a54d-549d-aee0db7bf633","tintindex":0},"north":{"uv":[4.375,6.0,4.5,6.75],"rotation":0,"texture":"#337044d3-7253-a54d-549d-aee0db7bf633","tintindex":0},"south":{"uv":[2.625,6.125,2.75,6.875],"rotation":0,"texture":"#337044d3-7253-a54d-549d-aee0db7bf633","tintindex":0},"up":{"uv":[3.75,8.125,3.625,7.75],"rotation":0,"texture":"#337044d3-7253-a54d-549d-aee0db7bf633","tintindex":0},"west":{"uv":[1.5,3.25,1.875,4.0],"rotation":0,"texture":"#337044d3-7253-a54d-549d-aee0db7bf633","tintindex":0}}},{"name":"cube","from":[9.2,10.4,6.2],"to":[10.4,11.0,6.8],"rotation":{"angle":0.0,"axis":"x","origin":[8.0,0.7999997,8.0]},"faces":{"down":{"uv":[8.25,7.0,8.0,7.125],"rotation":0,"texture":"#337044d3-7253-a54d-549d-aee0db7bf633","tintindex":0},"east":{"uv":[8.375,7.875,8.5,8.0],"rotation":0,"texture":"#337044d3-7253-a54d-549d-aee0db7bf633","tintindex":0},"north":{"uv":[8.0,6.75,8.25,6.875],"rotation":0,"texture":"#337044d3-7253-a54d-549d-aee0db7bf633","tintindex":0},"south":{"uv":[6.875,8.0,7.125,8.125],"rotation":0,"texture":"#337044d3-7253-a54d-549d-aee0db7bf633","tintindex":0},"up":{"uv":[8.25,7.0,8.0,6.875],"rotation":0,"texture":"#337044d3-7253-a54d-549d-aee0db7bf633","tintindex":0},"west":{"uv":[8.0,8.375,8.125,8.5],"rotation":0,"texture":"#337044d3-7253-a54d-549d-aee0db7bf633","tintindex":0}}},{"name":"cube","from":[5.6,10.4,6.2],"to":[6.8,11.0,6.8],"rotation":{"angle":0.0,"axis":"x","origin":[8.0,0.7999997,8.0]},"faces":{"down":{"uv":[0.5,8.125,0.25,8.25],"rotation":0,"texture":"#337044d3-7253-a54d-549d-aee0db7bf633","tintindex":0},"east":{"uv":[8.375,8.125,8.5,8.25],"rotation":0,"texture":"#337044d3-7253-a54d-549d-aee0db7bf633","tintindex":0},"north":{"uv":[8.0,7.75,8.25,7.875],"rotation":0,"texture":"#337044d3-7253-a54d-549d-aee0db7bf633","tintindex":0},"south":{"uv":[8.0,7.875,8.25,8.0],"rotation":0,"texture":"#337044d3-7253-a54d-549d-aee0db7bf633","tintindex":0},"up":{"uv":[8.25,8.125,8.0,8.0],"rotation":0,"texture":"#337044d3-7253-a54d-549d-aee0db7bf633","tintindex":0},"west":{"uv":[8.375,8.25,8.5,8.375],"rotation":0,"texture":"#337044d3-7253-a54d-549d-aee0db7bf633","tintindex":0}}},{"name":"cube","from":[7.4,8.0,9.2],"to":[8.6,8.6,9.2],"rotation":{"angle":0.0,"axis":"x","origin":[8.0,0.7999997,8.0]},"faces":{"down":{"uv":[0.25,0.0,0.0,0.0],"rotation":0,"texture":"#337044d3-7253-a54d-549d-aee0db7bf633","tintindex":0},"east":{"uv":[0.0,0.0,0.0,0.125],"rotation":0,"texture":"#337044d3-7253-a54d-549d-aee0db7bf633","tintindex":0},"north":{"uv":[8.0,5.75,8.25,5.875],"rotation":0,"texture":"#337044d3-7253-a54d-549d-aee0db7bf633","tintindex":0},"south":{"uv":[8.0,5.875,8.25,6.0],"rotation":0,"texture":"#337044d3-7253-a54d-549d-aee0db7bf633","tintindex":0},"up":{"uv":[0.25,0.0,0.0,0.0],"rotation":0,"texture":"#337044d3-7253-a54d-549d-aee0db7bf633","tintindex":0},"west":{"uv":[0.0,0.0,0.0,0.125],"rotation":0,"texture":"#337044d3-7253-a54d-549d-aee0db7bf633","tintindex":0}}},{"name":"cube","from":[7.4,7.4,9.2],"to":[8.6,8.6,10.4],"rotation":{"angle":0.0,"axis":"x","origin":[8.0,0.7999997,8.0]},"faces":{"down":{"uv":[6.0,7.0,5.75,7.25],"rotation":0,"texture":"#337044d3-7253-a54d-549d-aee0db7bf633","tintindex":0},"east":{"uv":[5.0,7.0,5.25,7.25],"rotation":0,"texture":"#337044d3-7253-a54d-549d-aee0db7bf633","tintindex":0},"north":{"uv":[4.75,7.0,5.0,7.25],"rotation":0,"texture":"#337044d3-7253-a54d-549d-aee0db7bf633","tintindex":0},"south":{"uv":[5.25,7.0,5.5,7.25],"rotation":0,"texture":"#337044d3-7253-a54d-549d-aee0db7bf633","tintindex":0},"up":{"uv":[7.25,5.875,7.0,5.625],"rotation":0,"texture":"#337044d3-7253-a54d-549d-aee0db7bf633","tintindex":0},"west":{"uv":[5.5,7.0,5.75,7.25],"rotation":0,"texture":"#337044d3-7253-a54d-549d-aee0db7bf633","tintindex":0}}},{"name":"cube","from":[7.4,6.8,6.8],"to":[8.6,8.0,9.2],"rotation":{"angle":0.0,"axis":"x","origin":[8.0,0.7999997,8.0]},"faces":{"down":{"uv":[1.25,5.75,1.0,6.25],"rotation":0,"texture":"#337044d3-7253-a54d-549d-aee0db7bf633","tintindex":0},"east":{"uv":[0.0,5.75,0.5,6.0],"rotation":0,"texture":"#337044d3-7253-a54d-549d-aee0db7bf633","tintindex":0},"north":{"uv":[6.25,7.125,6.5,7.375],"rotation":0,"texture":"#337044d3-7253-a54d-549d-aee0db7bf633","tintindex":0},"south":{"uv":[7.125,6.25,7.375,6.5],"rotation":0,"texture":"#337044d3-7253-a54d-549d-aee0db7bf633","tintindex":0},"up":{"uv":[0.75,6.25,0.5,5.75],"rotation":0,"texture":"#337044d3-7253-a54d-549d-aee0db7bf633","tintindex":0},"west":{"uv":[5.75,0.75,6.25,1.0],"rotation":0,"texture":"#337044d3-7253-a54d-549d-aee0db7bf633","tintindex":0}}},{"name":"cube","from":[8.6,6.8,8.6],"to":[9.2,8.0,9.2],"rotation":{"angle":0.0,"axis":"x","origin":[8.0,0.7999997,8.0]},"faces":{"down":{"uv":[1.25,5.75,1.0,6.25],"rotation":0,"texture":"#337044d3-7253-a54d-549d-aee0db7bf633","tintindex":0},"east":{"uv":[0.0,5.75,0.5,6.0],"rotation":0,"texture":"#337044d3-7253-a54d-549d-aee0db7bf633","tintindex":0},"north":{"uv":[6.25,7.125,6.5,7.375],"rotation":0,"texture":"#337044d3-7253-a54d-549d-aee0db7bf633","tintindex":0},"south":{"uv":[7.125,6.25,7.375,6.5],"rotation":0,"texture":"#337044d3-7253-a54d-549d-aee0db7bf633","tintindex":0},"up":{"uv":[0.75,6.25,0.5,5.75],"rotation":0,"texture":"#337044d3-7253-a54d-549d-aee0db7bf633","tintindex":0},"west":{"uv":[5.75,0.75,6.25,1.0],"rotation":0,"texture":"#337044d3-7253-a54d-549d-aee0db7bf633","tintindex":0}}},{"name":"cube","from":[6.8,6.8,8.6],"to":[7.4,8.0,9.2],"rotation":{"angle":0.0,"axis":"x","origin":[8.0,0.7999997,8.0]},"faces":{"down":{"uv":[1.25,5.75,1.0,6.25],"rotation":0,"texture":"#337044d3-7253-a54d-549d-aee0db7bf633","tintindex":0},"east":{"uv":[0.0,5.75,0.5,6.0],"rotation":0,"texture":"#337044d3-7253-a54d-549d-aee0db7bf633","tintindex":0},"north":{"uv":[6.25,7.125,6.5,7.375],"rotation":0,"texture":"#337044d3-7253-a54d-549d-aee0db7bf633","tintindex":0},"south":{"uv":[7.125,6.25,7.375,6.5],"rotation":0,"texture":"#337044d3-7253-a54d-549d-aee0db7bf633","tintindex":0},"up":{"uv":[0.75,6.25,0.5,5.75],"rotation":0,"texture":"#337044d3-7253-a54d-549d-aee0db7bf633","tintindex":0},"west":{"uv":[5.75,0.75,6.25,1.0],"rotation":0,"texture":"#337044d3-7253-a54d-549d-aee0db7bf633","tintindex":0}}},{"name":"cube","from":[6.8,6.8,9.2],"to":[9.2,7.4,9.8],"rotation":{"angle":0.0,"axis":"x","origin":[8.0,0.7999997,8.0]},"faces":{"down":{"uv":[1.25,5.75,1.0,6.25],"rotation":0,"texture":"#337044d3-7253-a54d-549d-aee0db7bf633","tintindex":0},"east":{"uv":[0.0,5.75,0.5,6.0],"rotation":0,"texture":"#337044d3-7253-a54d-549d-aee0db7bf633","tintindex":0},"north":{"uv":[6.25,7.125,6.5,7.375],"rotation":0,"texture":"#337044d3-7253-a54d-549d-aee0db7bf633","tintindex":0},"south":{"uv":[7.125,6.25,7.375,6.5],"rotation":0,"texture":"#337044d3-7253-a54d-549d-aee0db7bf633","tintindex":0},"up":{"uv":[0.75,6.25,0.5,5.75],"rotation":0,"texture":"#337044d3-7253-a54d-549d-aee0db7bf633","tintindex":0},"west":{"uv":[5.75,0.75,6.25,1.0],"rotation":0,"texture":"#337044d3-7253-a54d-549d-aee0db7bf633","tintindex":0}}},{"name":"cube","from":[7.4,6.2,9.8],"to":[8.6,6.8,10.4],"rotation":{"angle":0.0,"axis":"x","origin":[8.0,0.7999997,8.0]},"faces":{"down":{"uv":[1.25,5.75,1.0,6.25],"rotation":0,"texture":"#337044d3-7253-a54d-549d-aee0db7bf633","tintindex":0},"east":{"uv":[0.0,5.75,0.5,6.0],"rotation":0,"texture":"#337044d3-7253-a54d-549d-aee0db7bf633","tintindex":0},"north":{"uv":[6.25,7.125,6.5,7.375],"rotation":0,"texture":"#337044d3-7253-a54d-549d-aee0db7bf633","tintindex":0},"south":{"uv":[7.125,6.25,7.375,6.5],"rotation":0,"texture":"#337044d3-7253-a54d-549d-aee0db7bf633","tintindex":0},"up":{"uv":[0.75,6.25,0.5,5.75],"rotation":0,"texture":"#337044d3-7253-a54d-549d-aee0db7bf633","tintindex":0},"west":{"uv":[5.75,0.75,6.25,1.0],"rotation":0,"texture":"#337044d3-7253-a54d-549d-aee0db7bf633","tintindex":0}}},{"name":"cube","from":[7.4,9.2,9.2],"to":[8.6,9.8,9.8],"rotation":{"angle":0.0,"axis":"x","origin":[8.0,0.7999997,8.0]},"faces":{"down":{"uv":[8.25,4.375,8.0,4.5],"rotation":0,"texture":"#337044d3-7253-a54d-549d-aee0db7bf633","tintindex":0},"east":{"uv":[8.375,7.125,8.5,7.25],"rotation":0,"texture":"#337044d3-7253-a54d-549d-aee0db7bf633","tintindex":0},"north":{"uv":[8.0,3.5,8.25,3.625],"rotation":0,"texture":"#337044d3-7253-a54d-549d-aee0db7bf633","tintindex":0},"south":{"uv":[8.0,3.625,8.25,3.75],"rotation":0,"texture":"#337044d3-7253-a54d-549d-aee0db7bf633","tintindex":0},"up":{"uv":[8.25,3.875,8.0,3.75],"rotation":0,"texture":"#337044d3-7253-a54d-549d-aee0db7bf633","tintindex":0},"west":{"uv":[8.375,7.25,8.5,7.375],"rotation":0,"texture":"#337044d3-7253-a54d-549d-aee0db7bf633","tintindex":0}}},{"name":"cube","from":[6.2,8.6,6.8],"to":[9.8,10.4,7.4],"rotation":{"angle":0.0,"axis":"x","origin":[8.0,0.7999997,8.0]},"faces":{"down":{"uv":[6.875,4.125,6.125,4.25],"rotation":0,"texture":"#337044d3-7253-a54d-549d-aee0db7bf633","tintindex":0},"east":{"uv":[2.75,7.75,2.875,8.125],"rotation":0,"texture":"#337044d3-7253-a54d-549d-aee0db7bf633","tintindex":0},"north":{"uv":[2.5,3.0,3.25,3.375],"rotation":0,"texture":"#337044d3-7253-a54d-549d-aee0db7bf633","tintindex":0},"south":{"uv":[0.0,3.25,0.75,3.625],"rotation":0,"texture":"#337044d3-7253-a54d-549d-aee0db7bf633","tintindex":0},"up":{"uv":[1.5,2.875,0.75,2.75],"rotation":0,"texture":"#337044d3-7253-a54d-549d-aee0db7bf633","tintindex":0},"west":{"uv":[2.875,7.75,3.0,8.125],"rotation":0,"texture":"#337044d3-7253-a54d-549d-aee0db7bf633","tintindex":0}}},{"name":"cube","from":[6.8,10.4,6.8],"to":[9.2,11.0,7.4],"rotation":{"angle":0.0,"axis":"x","origin":[8.0,0.7999997,8.0]},"faces":{"down":{"uv":[7.5,6.875,7.0,7.0],"rotation":0,"texture":"#337044d3-7253-a54d-549d-aee0db7bf633","tintindex":0},"east":{"uv":[8.375,7.375,8.5,7.5],"rotation":0,"texture":"#337044d3-7253-a54d-549d-aee0db7bf633","tintindex":0},"north":{"uv":[7.0,3.5,7.5,3.625],"rotation":0,"texture":"#337044d3-7253-a54d-549d-aee0db7bf633","tintindex":0},"south":{"uv":[7.0,6.625,7.5,6.75],"rotation":0,"texture":"#337044d3-7253-a54d-549d-aee0db7bf633","tintindex":0},"up":{"uv":[7.5,6.875,7.0,6.75],"rotation":0,"texture":"#337044d3-7253-a54d-549d-aee0db7bf633","tintindex":0},"west":{"uv":[7.5,8.375,7.625,8.5],"rotation":0,"texture":"#337044d3-7253-a54d-549d-aee0db7bf633","tintindex":0}}},{"name":"cube","from":[6.8,11.0,6.2],"to":[9.2,11.6,6.8],"rotation":{"angle":0.0,"axis":"x","origin":[8.0,0.7999997,8.0]},"faces":{"down":{"uv":[7.625,1.375,7.125,1.5],"rotation":0,"texture":"#337044d3-7253-a54d-549d-aee0db7bf633","tintindex":0},"east":{"uv":[8.375,7.5,8.5,7.625],"rotation":0,"texture":"#337044d3-7253-a54d-549d-aee0db7bf633","tintindex":0},"north":{"uv":[7.0,7.0,7.5,7.125],"rotation":0,"texture":"#337044d3-7253-a54d-549d-aee0db7bf633","tintindex":0},"south":{"uv":[0.5,7.125,1.0,7.25],"rotation":0,"texture":"#337044d3-7253-a54d-549d-aee0db7bf633","tintindex":0},"up":{"uv":[7.625,1.375,7.125,1.25],"rotation":0,"texture":"#337044d3-7253-a54d-549d-aee0db7bf633","tintindex":0},"west":{"uv":[7.625,8.375,7.75,8.5],"rotation":0,"texture":"#337044d3-7253-a54d-549d-aee0db7bf633","tintindex":0}}},{"name":"cube","from":[8.6,9.8,6.2],"to":[9.2,11.0,6.8],"rotation":{"angle":0.0,"axis":"x","origin":[8.0,0.7999997,8.0]},"faces":{"down":{"uv":[7.875,8.375,7.75,8.5],"rotation":0,"texture":"#337044d3-7253-a54d-549d-aee0db7bf633","tintindex":0},"east":{"uv":[6.0,8.0,6.125,8.25],"rotation":0,"texture":"#337044d3-7253-a54d-549d-aee0db7bf633","tintindex":0},"north":{"uv":[3.375,8.0,3.5,8.25],"rotation":0,"texture":"#337044d3-7253-a54d-549d-aee0db7bf633","tintindex":0},"south":{"uv":[8.0,6.0,8.125,6.25],"rotation":0,"texture":"#337044d3-7253-a54d-549d-aee0db7bf633","tintindex":0},"up":{"uv":[8.5,7.75,8.375,7.625],"rotation":0,"texture":"#337044d3-7253-a54d-549d-aee0db7bf633","tintindex":0},"west":{"uv":[8.0,6.25,8.125,6.5],"rotation":0,"texture":"#337044d3-7253-a54d-549d-aee0db7bf633","tintindex":0}}},{"name":"cube","from":[9.8,10.4,6.8],"to":[10.4,11.6,7.4],"rotation":{"angle":0.0,"axis":"x","origin":[8.0,0.7999997,8.0]},"faces":{"down":{"uv":[8.25,8.375,8.125,8.5],"rotation":0,"texture":"#337044d3-7253-a54d-549d-aee0db7bf633","tintindex":0},"east":{"uv":[7.375,8.0,7.5,8.25],"rotation":0,"texture":"#337044d3-7253-a54d-549d-aee0db7bf633","tintindex":0},"north":{"uv":[7.25,8.0,7.375,8.25],"rotation":0,"texture":"#337044d3-7253-a54d-549d-aee0db7bf633","tintindex":0},"south":{"uv":[7.5,8.0,7.625,8.25],"rotation":0,"texture":"#337044d3-7253-a54d-549d-aee0db7bf633","tintindex":0},"up":{"uv":[8.5,8.125,8.375,8.0],"rotation":0,"texture":"#337044d3-7253-a54d-549d-aee0db7bf633","tintindex":0},"west":{"uv":[8.0,7.5,8.125,7.75],"rotation":0,"texture":"#337044d3-7253-a54d-549d-aee0db7bf633","tintindex":0}}},{"name":"cube","from":[5.6,10.4,6.8],"to":[6.2,11.6,7.4],"rotation":{"angle":0.0,"axis":"x","origin":[8.0,0.7999997,8.0]},"faces":{"down":{"uv":[0.125,8.5,0.0,8.625],"rotation":0,"texture":"#337044d3-7253-a54d-549d-aee0db7bf633","tintindex":0},"east":{"uv":[0.875,8.125,1.0,8.375],"rotation":0,"texture":"#337044d3-7253-a54d-549d-aee0db7bf633","tintindex":0},"north":{"uv":[8.125,0.25,8.25,0.5],"rotation":0,"texture":"#337044d3-7253-a54d-549d-aee0db7bf633","tintindex":0},"south":{"uv":[1.0,8.125,1.125,8.375],"rotation":0,"texture":"#337044d3-7253-a54d-549d-aee0db7bf633","tintindex":0},"up":{"uv":[8.5,8.5,8.375,8.375],"rotation":0,"texture":"#337044d3-7253-a54d-549d-aee0db7bf633","tintindex":0},"west":{"uv":[8.125,1.125,8.25,1.375],"rotation":0,"texture":"#337044d3-7253-a54d-549d-aee0db7bf633","tintindex":0}}},{"name":"cube","from":[5.6,11.6,6.2],"to":[10.4,12.8,7.4],"rotation":{"angle":0.0,"axis":"x","origin":[8.0,0.7999997,8.0]},"faces":{"down":{"uv":[5.0,0.75,4.0,1.0],"rotation":0,"texture":"#337044d3-7253-a54d-549d-aee0db7bf633","tintindex":0},"east":{"uv":[0.0,7.125,0.25,7.375],"rotation":0,"texture":"#337044d3-7253-a54d-549d-aee0db7bf633","tintindex":0},"north":{"uv":[2.875,3.75,3.875,4.0],"rotation":0,"texture":"#337044d3-7253-a54d-549d-aee0db7bf633","tintindex":0},"south":{"uv":[3.875,3.75,4.875,4.0],"rotation":0,"texture":"#337044d3-7253-a54d-549d-aee0db7bf633","tintindex":0},"up":{"uv":[1.5,4.25,0.5,4.0],"rotation":0,"texture":"#337044d3-7253-a54d-549d-aee0db7bf633","tintindex":0},"west":{"uv":[7.125,1.5,7.375,1.75],"rotation":0,"texture":"#337044d3-7253-a54d-549d-aee0db7bf633","tintindex":0}}},{"name":"cube","from":[6.8,9.2,8.6],"to":[9.2,12.8,9.2],"rotation":{"angle":0.0,"axis":"x","origin":[8.0,0.7999997,8.0]},"faces":{"down":{"uv":[7.625,1.875,7.125,2.0],"rotation":0,"texture":"#337044d3-7253-a54d-549d-aee0db7bf633","tintindex":0},"east":{"uv":[3.375,6.125,3.5,6.875],"rotation":0,"texture":"#337044d3-7253-a54d-549d-aee0db7bf633","tintindex":0},"north":{"uv":[1.5,2.125,2.0,2.875],"rotation":0,"texture":"#337044d3-7253-a54d-549d-aee0db7bf633","tintindex":0},"south":{"uv":[2.0,2.5,2.5,3.25],"rotation":0,"texture":"#337044d3-7253-a54d-549d-aee0db7bf633","tintindex":0},"up":{"uv":[7.625,1.875,7.125,1.75],"rotation":0,"texture":"#337044d3-7253-a54d-549d-aee0db7bf633","tintindex":0},"west":{"uv":[0.625,6.25,0.75,7.0],"rotation":0,"texture":"#337044d3-7253-a54d-549d-aee0db7bf633","tintindex":0}}},{"name":"cube","from":[6.8,12.8,7.4],"to":[9.2,13.400001,9.2],"rotation":{"angle":0.0,"axis":"x","origin":[8.0,0.7999997,8.0]},"faces":{"down":{"uv":[1.25,4.75,0.75,5.125],"rotation":0,"texture":"#337044d3-7253-a54d-549d-aee0db7bf633","tintindex":0},"east":{"uv":[7.75,3.0,8.125,3.125],"rotation":0,"texture":"#337044d3-7253-a54d-549d-aee0db7bf633","tintindex":0},"north":{"uv":[7.125,3.375,7.625,3.5],"rotation":0,"texture":"#337044d3-7253-a54d-549d-aee0db7bf633","tintindex":0},"south":{"uv":[7.125,6.125,7.625,6.25],"rotation":0,"texture":"#337044d3-7253-a54d-549d-aee0db7bf633","tintindex":0},"up":{"uv":[5.125,4.375,4.625,4.0],"rotation":0,"texture":"#337044d3-7253-a54d-549d-aee0db7bf633","tintindex":0},"west":{"uv":[7.75,3.125,8.125,3.25],"rotation":0,"texture":"#337044d3-7253-a54d-549d-aee0db7bf633","tintindex":0}}},{"name":"cube","from":[6.8,9.8,6.2],"to":[7.4,11.0,6.8],"rotation":{"angle":0.0,"axis":"x","origin":[8.0,0.7999997,8.0]},"faces":{"down":{"uv":[8.0,8.375,7.875,8.5],"rotation":0,"texture":"#337044d3-7253-a54d-549d-aee0db7bf633","tintindex":0},"east":{"uv":[6.5,8.0,6.625,8.25],"rotation":0,"texture":"#337044d3-7253-a54d-549d-aee0db7bf633","tintindex":0},"north":{"uv":[6.375,8.0,6.5,8.25],"rotation":0,"texture":"#337044d3-7253-a54d-549d-aee0db7bf633","tintindex":0},"south":{"uv":[6.625,8.0,6.75,8.25],"rotation":0,"texture":"#337044d3-7253-a54d-549d-aee0db7bf633","tintindex":0},"up":{"uv":[8.5,7.875,8.375,7.75],"rotation":0,"texture":"#337044d3-7253-a54d-549d-aee0db7bf633","tintindex":0},"west":{"uv":[6.75,8.0,6.875,8.25],"rotation":0,"texture":"#337044d3-7253-a54d-549d-aee0db7bf633","tintindex":0}}},{"name":"cube","from":[6.8,11.0,5.6],"to":[7.4,11.6,6.2],"rotation":{"angle":0.0,"axis":"x","origin":[8.0,0.7999997,8.0]},"faces":{"down":{"uv":[0.75,8.5,0.625,8.625],"rotation":0,"texture":"#337044d3-7253-a54d-549d-aee0db7bf633","tintindex":0},"east":{"uv":[0.25,8.5,0.375,8.625],"rotation":0,"texture":"#337044d3-7253-a54d-549d-aee0db7bf633","tintindex":0},"north":{"uv":[8.5,0.125,8.625,0.25],"rotation":0,"texture":"#337044d3-7253-a54d-549d-aee0db7bf633","tintindex":0},"south":{"uv":[8.5,0.25,8.625,0.375],"rotation":0,"texture":"#337044d3-7253-a54d-549d-aee0db7bf633","tintindex":0},"up":{"uv":[8.625,0.625,8.5,0.5],"rotation":0,"texture":"#337044d3-7253-a54d-549d-aee0db7bf633","tintindex":0},"west":{"uv":[8.5,0.375,8.625,0.5],"rotation":0,"texture":"#337044d3-7253-a54d-549d-aee0db7bf633","tintindex":0}}},{"name":"cube","from":[5.6,11.0,5.6],"to":[6.2,11.6,6.2],"rotation":{"angle":0.0,"axis":"x","origin":[8.0,0.7999997,8.0]},"faces":{"down":{"uv":[8.625,1.125,8.5,1.25],"rotation":0,"texture":"#337044d3-7253-a54d-549d-aee0db7bf633","tintindex":0},"east":{"uv":[0.75,8.5,0.875,8.625],"rotation":0,"texture":"#337044d3-7253-a54d-549d-aee0db7bf633","tintindex":0},"north":{"uv":[8.5,0.625,8.625,0.75],"rotation":0,"texture":"#337044d3-7253-a54d-549d-aee0db7bf633","tintindex":0},"south":{"uv":[8.5,0.75,8.625,0.875],"rotation":0,"texture":"#337044d3-7253-a54d-549d-aee0db7bf633","tintindex":0},"up":{"uv":[8.625,1.125,8.5,1.0],"rotation":0,"texture":"#337044d3-7253-a54d-549d-aee0db7bf633","tintindex":0},"west":{"uv":[8.5,0.875,8.625,1.0],"rotation":0,"texture":"#337044d3-7253-a54d-549d-aee0db7bf633","tintindex":0}}},{"name":"cube","from":[8.6,11.0,5.6],"to":[9.2,11.6,6.2],"rotation":{"angle":0.0,"axis":"x","origin":[8.0,0.7999997,8.0]},"faces":{"down":{"uv":[1.875,8.5,1.75,8.625],"rotation":0,"texture":"#337044d3-7253-a54d-549d-aee0db7bf633","tintindex":0},"east":{"uv":[1.375,8.5,1.5,8.625],"rotation":0,"texture":"#337044d3-7253-a54d-549d-aee0db7bf633","tintindex":0},"north":{"uv":[8.5,1.25,8.625,1.375],"rotation":0,"texture":"#337044d3-7253-a54d-549d-aee0db7bf633","tintindex":0},"south":{"uv":[8.5,1.375,8.625,1.5],"rotation":0,"texture":"#337044d3-7253-a54d-549d-aee0db7bf633","tintindex":0},"up":{"uv":[8.625,1.75,8.5,1.625],"rotation":0,"texture":"#337044d3-7253-a54d-549d-aee0db7bf633","tintindex":0},"west":{"uv":[8.5,1.5,8.625,1.625],"rotation":0,"texture":"#337044d3-7253-a54d-549d-aee0db7bf633","tintindex":0}}},{"name":"cube","from":[5.6,11.6,5.6],"to":[9.2,12.2,6.2],"rotation":{"angle":0.0,"axis":"x","origin":[8.0,0.7999997,8.0]},"faces":{"down":{"uv":[7.0,3.0,6.25,3.125],"rotation":0,"texture":"#337044d3-7253-a54d-549d-aee0db7bf633","tintindex":0},"east":{"uv":[8.5,0.0,8.625,0.125],"rotation":0,"texture":"#337044d3-7253-a54d-549d-aee0db7bf633","tintindex":0},"north":{"uv":[6.125,4.375,6.875,4.5],"rotation":0,"texture":"#337044d3-7253-a54d-549d-aee0db7bf633","tintindex":0},"south":{"uv":[6.25,1.0,7.0,1.125],"rotation":0,"texture":"#337044d3-7253-a54d-549d-aee0db7bf633","tintindex":0},"up":{"uv":[7.0,1.25,6.25,1.125],"rotation":0,"texture":"#337044d3-7253-a54d-549d-aee0db7bf633","tintindex":0},"west":{"uv":[0.125,8.5,0.25,8.625],"rotation":0,"texture":"#337044d3-7253-a54d-549d-aee0db7bf633","tintindex":0}}},{"name":"cube","from":[6.2,9.8,9.2],"to":[9.8,12.2,10.4],"rotation":{"angle":0.0,"axis":"x","origin":[8.0,0.7999997,8.0]},"faces":{"down":{"uv":[5.0,4.5,4.25,4.75],"rotation":0,"texture":"#337044d3-7253-a54d-549d-aee0db7bf633","tintindex":0},"east":{"uv":[2.25,5.625,2.5,6.125],"rotation":0,"texture":"#337044d3-7253-a54d-549d-aee0db7bf633","tintindex":0},"north":{"uv":[2.5,2.5,3.25,3.0],"rotation":0,"texture":"#337044d3-7253-a54d-549d-aee0db7bf633","tintindex":0},"south":{"uv":[0.0,2.75,0.75,3.25],"rotation":0,"texture":"#337044d3-7253-a54d-549d-aee0db7bf633","tintindex":0},"up":{"uv":[3.0,1.0,2.25,0.75],"rotation":0,"texture":"#337044d3-7253-a54d-549d-aee0db7bf633","tintindex":0},"west":{"uv":[2.5,5.625,2.75,6.125],"rotation":0,"texture":"#337044d3-7253-a54d-549d-aee0db7bf633","tintindex":0}}}],"display":{"head":{"translation":[0.0,-6.4,0.0],"rotation":[0.0,0.0,0.0],"scale":[3.8095,3.8095,3.8095]},"gui":{"translation":[0.0,0.0,0.0],"rotation":[35.0,225.0,0.0],"scale":[0.625,0.625,0.625]}}}