{"file_name":"bone2","texture_size":[128,128],"textures":{"337044d3-7253-a54d-549d-aee0db7bf633":"modelengine:entity/pekodam"},"elements":[{"name":"cube","from":[8.0,6.2,7.4],"to":[9.2,7.4,8.6],"rotation":{"angle":0.0,"axis":"x","origin":[6.2,10.4,7.4]},"faces":{"down":{"uv":[7.5,2.25,7.25,2.5],"rotation":0,"texture":"#337044d3-7253-a54d-549d-aee0db7bf633","tintindex":0},"east":{"uv":[1.625,7.25,1.875,7.5],"rotation":0,"texture":"#337044d3-7253-a54d-549d-aee0db7bf633","tintindex":0},"north":{"uv":[1.375,7.25,1.625,7.5],"rotation":0,"texture":"#337044d3-7253-a54d-549d-aee0db7bf633","tintindex":0},"south":{"uv":[1.875,7.25,2.125,7.5],"rotation":0,"texture":"#337044d3-7253-a54d-549d-aee0db7bf633","tintindex":0},"up":{"uv":[2.375,7.5,2.125,7.25],"rotation":0,"texture":"#337044d3-7253-a54d-549d-aee0db7bf633","tintindex":0},"west":{"uv":[7.25,2.0,7.5,2.25],"rotation":0,"texture":"#337044d3-7253-a54d-549d-aee0db7bf633","tintindex":0}}},{"name":"cube","from":[7.4,7.4,7.4],"to":[8.6,8.6,8.6],"rotation":{"angle":0.0,"axis":"x","origin":[6.2,10.4,7.4]},"faces":{"down":{"uv":[7.75,5.875,7.5,6.125],"rotation":0,"texture":"#337044d3-7253-a54d-549d-aee0db7bf633","tintindex":0},"east":{"uv":[4.25,7.5,4.5,7.75],"rotation":0,"texture":"#337044d3-7253-a54d-549d-aee0db7bf633","tintindex":0},"north":{"uv":[7.5,4.0,7.75,4.25],"rotation":0,"texture":"#337044d3-7253-a54d-549d-aee0db7bf633","tintindex":0},"south":{"uv":[7.5,4.75,7.75,5.0],"rotation":0,"texture":"#337044d3-7253-a54d-549d-aee0db7bf633","tintindex":0},"up":{"uv":[7.75,5.875,7.5,5.625],"rotation":0,"texture":"#337044d3-7253-a54d-549d-aee0db7bf633","tintindex":0},"west":{"uv":[7.5,5.0,7.75,5.25],"rotation":0,"texture":"#337044d3-7253-a54d-549d-aee0db7bf633","tintindex":0}}},{"name":"cube","from":[8.6,5.0,7.4],"to":[9.2,6.2,8.6],"rotation":{"angle":0.0,"axis":"x","origin":[6.2,10.4,7.4]},"faces":{"down":{"uv":[8.5,1.75,8.375,2.0],"rotation":0,"texture":"#337044d3-7253-a54d-549d-aee0db7bf633","tintindex":0},"east":{"uv":[2.75,7.5,3.0,7.75],"rotation":0,"texture":"#337044d3-7253-a54d-549d-aee0db7bf633","tintindex":0},"north":{"uv":[1.5,8.375,1.625,8.625],"rotation":0,"texture":"#337044d3-7253-a54d-549d-aee0db7bf633","tintindex":0},"south":{"uv":[8.375,1.5,8.5,1.75],"rotation":0,"texture":"#337044d3-7253-a54d-549d-aee0db7bf633","tintindex":0},"up":{"uv":[1.75,8.625,1.625,8.375],"rotation":0,"texture":"#337044d3-7253-a54d-549d-aee0db7bf633","tintindex":0},"west":{"uv":[7.5,2.75,7.75,3.0],"rotation":0,"texture":"#337044d3-7253-a54d-549d-aee0db7bf633","tintindex":0}}},{"name":"cube","from":[8.0,5.6,7.4],"to":[8.6,6.2,8.0],"rotation":{"angle":0.0,"axis":"x","origin":[6.2,10.4,7.4]},"faces":{"down":{"uv":[7.125,8.625,7.0,8.75],"rotation":0,"texture":"#337044d3-7253-a54d-549d-aee0db7bf633","tintindex":0},"east":{"uv":[6.75,8.625,6.875,8.75],"rotation":0,"texture":"#337044d3-7253-a54d-549d-aee0db7bf633","tintindex":0},"north":{"uv":[8.625,6.625,8.75,6.75],"rotation":0,"texture":"#337044d3-7253-a54d-549d-aee0db7bf633","tintindex":0},"south":{"uv":[8.625,6.75,8.75,6.875],"rotation":0,"texture":"#337044d3-7253-a54d-549d-aee0db7bf633","tintindex":0},"up":{"uv":[8.75,7.0,8.625,6.875],"rotation":0,"texture":"#337044d3-7253-a54d-549d-aee0db7bf633","tintindex":0},"west":{"uv":[6.875,8.625,7.0,8.75],"rotation":0,"texture":"#337044d3-7253-a54d-549d-aee0db7bf633","tintindex":0}}}],"display":{"head":{"translation":[0.0,-6.4,0.0],"rotation":[0.0,0.0,0.0],"scale":[3.8095,3.8095,3.8095]},"gui":{"translation":[0.0,0.0,0.0],"rotation":[35.0,225.0,0.0],"scale":[0.625,0.625,0.625]}}}