{"file_name":"l_hand","texture_size":[128,128],"textures":{"337044d3-7253-a54d-549d-aee0db7bf633":"modelengine:entity/pekodam"},"elements":[{"name":"cube","from":[5.6,7.4,6.8],"to":[6.2,8.6,9.2],"rotation":{"angle":0.0,"axis":"x","origin":[10.4,-3.4000006,7.4]},"faces":{"down":{"uv":[3.375,6.375,3.25,6.875],"rotation":0,"texture":"#337044d3-7253-a54d-549d-aee0db7bf633","tintindex":0},"east":{"uv":[3.5,5.75,4.0,6.0],"rotation":0,"texture":"#337044d3-7253-a54d-549d-aee0db7bf633","tintindex":0},"north":{"uv":[3.75,8.125,3.875,8.375],"rotation":0,"texture":"#337044d3-7253-a54d-549d-aee0db7bf633","tintindex":0},"south":{"uv":[8.125,4.5,8.25,4.75],"rotation":0,"texture":"#337044d3-7253-a54d-549d-aee0db7bf633","tintindex":0},"up":{"uv":[4.375,6.75,4.25,6.25],"rotation":0,"texture":"#337044d3-7253-a54d-549d-aee0db7bf633","tintindex":0},"west":{"uv":[4.0,5.75,4.5,6.0],"rotation":0,"texture":"#337044d3-7253-a54d-549d-aee0db7bf633","tintindex":0}}},{"name":"cube","from":[6.2,6.8,6.8],"to":[8.6,8.6,9.2],"rotation":{"angle":0.0,"axis":"x","origin":[10.4,-3.4000006,7.4]},"faces":{"down":{"uv":[4.5,2.375,4.0,2.875],"rotation":0,"texture":"#337044d3-7253-a54d-549d-aee0db7bf633","tintindex":0},"east":{"uv":[2.875,4.875,3.375,5.25],"rotation":0,"texture":"#337044d3-7253-a54d-549d-aee0db7bf633","tintindex":0},"north":{"uv":[2.375,4.875,2.875,5.25],"rotation":0,"texture":"#337044d3-7253-a54d-549d-aee0db7bf633","tintindex":0},"south":{"uv":[3.375,4.875,3.875,5.25],"rotation":0,"texture":"#337044d3-7253-a54d-549d-aee0db7bf633","tintindex":0},"up":{"uv":[2.5,4.5,2.0,4.0],"rotation":0,"texture":"#337044d3-7253-a54d-549d-aee0db7bf633","tintindex":0},"west":{"uv":[3.875,4.875,4.375,5.25],"rotation":0,"texture":"#337044d3-7253-a54d-549d-aee0db7bf633","tintindex":0}}},{"name":"cube","from":[6.2,6.2,7.4],"to":[7.4,6.8,8.6],"rotation":{"angle":0.0,"axis":"x","origin":[8.0,8.0,7.4]},"faces":{"down":{"uv":[7.0,7.125,6.75,7.375],"rotation":0,"texture":"#337044d3-7253-a54d-549d-aee0db7bf633","tintindex":0},"east":{"uv":[8.125,4.875,8.375,5.0],"rotation":0,"texture":"#337044d3-7253-a54d-549d-aee0db7bf633","tintindex":0},"north":{"uv":[8.125,4.75,8.375,4.875],"rotation":0,"texture":"#337044d3-7253-a54d-549d-aee0db7bf633","tintindex":0},"south":{"uv":[8.125,5.0,8.375,5.125],"rotation":0,"texture":"#337044d3-7253-a54d-549d-aee0db7bf633","tintindex":0},"up":{"uv":[6.75,7.375,6.5,7.125],"rotation":0,"texture":"#337044d3-7253-a54d-549d-aee0db7bf633","tintindex":0},"west":{"uv":[8.125,5.125,8.375,5.25],"rotation":0,"texture":"#337044d3-7253-a54d-549d-aee0db7bf633","tintindex":0}}}],"display":{"head":{"translation":[0.0,-6.4,0.0],"rotation":[0.0,0.0,0.0],"scale":[3.8095,3.8095,3.8095]},"gui":{"translation":[0.0,0.0,0.0],"rotation":[35.0,225.0,0.0],"scale":[0.625,0.625,0.625]}}}