{"file_name":"r_leg","texture_size":[128,128],"textures":{"337044d3-7253-a54d-549d-aee0db7bf633":"modelengine:entity/pekodam"},"elements":[{"name":"cube","from":[8.0,1.3999997,7.4],"to":[9.2,1.9999998,8.6],"rotation":{"angle":0.0,"axis":"x","origin":[6.8,1.3999997,8.0]},"faces":{"down":{"uv":[0.25,6.625,0.0,6.875],"rotation":0,"texture":"#337044d3-7253-a54d-549d-aee0db7bf633","tintindex":0},"east":{"uv":[4.0,1.75,4.25,1.875],"rotation":0,"texture":"#337044d3-7253-a54d-549d-aee0db7bf633","tintindex":0},"north":{"uv":[3.0,2.375,3.25,2.5],"rotation":0,"texture":"#337044d3-7253-a54d-549d-aee0db7bf633","tintindex":0},"south":{"uv":[4.25,2.25,4.5,2.375],"rotation":0,"texture":"#337044d3-7253-a54d-549d-aee0db7bf633","tintindex":0},"up":{"uv":[1.5,5.0,1.25,4.75],"rotation":0,"texture":"#337044d3-7253-a54d-549d-aee0db7bf633","tintindex":0},"west":{"uv":[2.0,6.625,2.25,6.75],"rotation":0,"texture":"#337044d3-7253-a54d-549d-aee0db7bf633","tintindex":0}}},{"name":"cube","from":[8.0,1.3999997,8.6],"to":[9.2,2.6,9.8],"rotation":{"angle":0.0,"axis":"x","origin":[6.8,1.3999997,8.0]},"faces":{"down":{"uv":[7.25,0.0,7.0,0.25],"rotation":0,"texture":"#337044d3-7253-a54d-549d-aee0db7bf633","tintindex":0},"east":{"uv":[6.25,6.875,6.5,7.125],"rotation":0,"texture":"#337044d3-7253-a54d-549d-aee0db7bf633","tintindex":0},"north":{"uv":[6.875,6.125,7.125,6.375],"rotation":0,"texture":"#337044d3-7253-a54d-549d-aee0db7bf633","tintindex":0},"south":{"uv":[6.875,6.375,7.125,6.625],"rotation":0,"texture":"#337044d3-7253-a54d-549d-aee0db7bf633","tintindex":0},"up":{"uv":[7.0,7.125,6.75,6.875],"rotation":0,"texture":"#337044d3-7253-a54d-549d-aee0db7bf633","tintindex":0},"west":{"uv":[6.5,6.875,6.75,7.125],"rotation":0,"texture":"#337044d3-7253-a54d-549d-aee0db7bf633","tintindex":0}}},{"name":"cube","from":[8.0,2.6,7.4],"to":[9.2,3.1999998,10.4],"rotation":{"angle":0.0,"axis":"x","origin":[6.8,1.3999997,8.0]},"faces":{"down":{"uv":[3.0,5.25,2.75,5.875],"rotation":0,"texture":"#337044d3-7253-a54d-549d-aee0db7bf633","tintindex":0},"east":{"uv":[1.875,3.25,2.5,3.375],"rotation":0,"texture":"#337044d3-7253-a54d-549d-aee0db7bf633","tintindex":0},"north":{"uv":[4.5,6.625,4.75,6.75],"rotation":0,"texture":"#337044d3-7253-a54d-549d-aee0db7bf633","tintindex":0},"south":{"uv":[0.25,8.0,0.5,8.125],"rotation":0,"texture":"#337044d3-7253-a54d-549d-aee0db7bf633","tintindex":0},"up":{"uv":[1.25,5.75,1.0,5.125],"rotation":0,"texture":"#337044d3-7253-a54d-549d-aee0db7bf633","tintindex":0},"west":{"uv":[2.625,3.375,3.25,3.5],"rotation":0,"texture":"#337044d3-7253-a54d-549d-aee0db7bf633","tintindex":0}}},{"name":"cube","from":[8.0,3.1999998,8.0],"to":[9.2,4.3999996,9.8],"rotation":{"angle":0.0,"axis":"x","origin":[6.8,1.3999997,8.0]},"faces":{"down":{"uv":[0.75,3.625,0.5,4.0],"rotation":0,"texture":"#337044d3-7253-a54d-549d-aee0db7bf633","tintindex":0},"east":{"uv":[3.625,4.625,4.0,4.875],"rotation":0,"texture":"#337044d3-7253-a54d-549d-aee0db7bf633","tintindex":0},"north":{"uv":[7.0,0.25,7.25,0.5],"rotation":0,"texture":"#337044d3-7253-a54d-549d-aee0db7bf633","tintindex":0},"south":{"uv":[7.0,0.5,7.25,0.75],"rotation":0,"texture":"#337044d3-7253-a54d-549d-aee0db7bf633","tintindex":0},"up":{"uv":[2.0,3.25,1.75,2.875],"rotation":0,"texture":"#337044d3-7253-a54d-549d-aee0db7bf633","tintindex":0},"west":{"uv":[4.0,6.0,4.375,6.25],"rotation":0,"texture":"#337044d3-7253-a54d-549d-aee0db7bf633","tintindex":0}}},{"name":"cube","from":[7.4,4.3999996,7.4],"to":[9.2,6.8,9.2],"rotation":{"angle":0.0,"axis":"x","origin":[6.8,1.3999997,8.0]},"faces":{"down":{"uv":[4.25,5.25,3.875,5.625],"rotation":0,"texture":"#337044d3-7253-a54d-549d-aee0db7bf633","tintindex":0},"east":{"uv":[0.75,4.25,1.125,4.75],"rotation":0,"texture":"#337044d3-7253-a54d-549d-aee0db7bf633","tintindex":0},"north":{"uv":[4.125,0.25,4.5,0.75],"rotation":0,"texture":"#337044d3-7253-a54d-549d-aee0db7bf633","tintindex":0},"south":{"uv":[1.125,4.25,1.5,4.75],"rotation":0,"texture":"#337044d3-7253-a54d-549d-aee0db7bf633","tintindex":0},"up":{"uv":[3.875,5.625,3.5,5.25],"rotation":0,"texture":"#337044d3-7253-a54d-549d-aee0db7bf633","tintindex":0},"west":{"uv":[4.25,1.75,4.625,2.25],"rotation":0,"texture":"#337044d3-7253-a54d-549d-aee0db7bf633","tintindex":0}}},{"name":"cube","from":[6.8,6.8,7.4],"to":[9.2,8.0,9.2],"rotation":{"angle":0.0,"axis":"x","origin":[6.8,1.3999997,8.0]},"faces":{"down":{"uv":[4.0,4.25,3.5,4.625],"rotation":0,"texture":"#337044d3-7253-a54d-549d-aee0db7bf633","tintindex":0},"east":{"uv":[2.25,6.125,2.625,6.375],"rotation":0,"texture":"#337044d3-7253-a54d-549d-aee0db7bf633","tintindex":0},"north":{"uv":[5.375,0.0,5.875,0.25],"rotation":0,"texture":"#337044d3-7253-a54d-549d-aee0db7bf633","tintindex":0},"south":{"uv":[5.375,1.75,5.875,2.0],"rotation":0,"texture":"#337044d3-7253-a54d-549d-aee0db7bf633","tintindex":0},"up":{"uv":[3.5,4.625,3.0,4.25],"rotation":0,"texture":"#337044d3-7253-a54d-549d-aee0db7bf633","tintindex":0},"west":{"uv":[3.0,6.125,3.375,6.375],"rotation":0,"texture":"#337044d3-7253-a54d-549d-aee0db7bf633","tintindex":0}}},{"name":"cube","from":[7.4,2.6,8.0],"to":[8.0,3.1999998,9.8],"rotation":{"angle":0.0,"axis":"x","origin":[6.8,1.3999997,8.0]},"faces":{"down":{"uv":[3.5,7.625,3.375,8.0],"rotation":0,"texture":"#337044d3-7253-a54d-549d-aee0db7bf633","tintindex":0},"east":{"uv":[6.5,2.75,6.875,2.875],"rotation":0,"texture":"#337044d3-7253-a54d-549d-aee0db7bf633","tintindex":0},"north":{"uv":[2.875,4.5,3.0,4.625],"rotation":0,"texture":"#337044d3-7253-a54d-549d-aee0db7bf633","tintindex":0},"south":{"uv":[4.875,1.375,5.0,1.5],"rotation":0,"texture":"#337044d3-7253-a54d-549d-aee0db7bf633","tintindex":0},"up":{"uv":[1.125,8.0,1.0,7.625],"rotation":0,"texture":"#337044d3-7253-a54d-549d-aee0db7bf633","tintindex":0},"west":{"uv":[7.75,0.25,8.125,0.375],"rotation":0,"texture":"#337044d3-7253-a54d-549d-aee0db7bf633","tintindex":0}}},{"name":"cube","from":[9.2,2.6,8.0],"to":[9.8,3.1999998,9.8],"rotation":{"angle":0.0,"axis":"x","origin":[6.8,1.3999997,8.0]},"faces":{"down":{"uv":[7.875,0.875,7.75,1.25],"rotation":0,"texture":"#337044d3-7253-a54d-549d-aee0db7bf633","tintindex":0},"east":{"uv":[7.75,0.375,8.125,0.5],"rotation":0,"texture":"#337044d3-7253-a54d-549d-aee0db7bf633","tintindex":0},"north":{"uv":[0.375,5.375,0.5,5.5],"rotation":0,"texture":"#337044d3-7253-a54d-549d-aee0db7bf633","tintindex":0},"south":{"uv":[1.5,5.75,1.625,5.875],"rotation":0,"texture":"#337044d3-7253-a54d-549d-aee0db7bf633","tintindex":0},"up":{"uv":[7.875,0.875,7.75,0.5],"rotation":0,"texture":"#337044d3-7253-a54d-549d-aee0db7bf633","tintindex":0},"west":{"uv":[0.5,7.75,0.875,7.875],"rotation":0,"texture":"#337044d3-7253-a54d-549d-aee0db7bf633","tintindex":0}}}],"display":{"head":{"translation":[0.0,-6.4,0.0],"rotation":[0.0,0.0,0.0],"scale":[3.8095,3.8095,3.8095]},"gui":{"translation":[0.0,0.0,0.0],"rotation":[35.0,225.0,0.0],"scale":[0.625,0.625,0.625]}}}