{"file_name":"back_rope","texture_size":[128,128],"textures":{"87ca09ca-ceb4-73bb-73ca-f5ee2a80093d":"modelengine:entity/mikochar"},"elements":[{"name":"cube","from":[6.8,14.6,11.0],"to":[9.2,15.8,12.2],"rotation":{"angle":0.0,"axis":"x","origin":[8.0,8.0,8.0]},"faces":{"down":{"uv":[8.5,4.625,8.0,4.875],"rotation":0,"texture":"#87ca09ca-ceb4-73bb-73ca-f5ee2a80093d","tintindex":0},"east":{"uv":[0.0,10.75,0.25,11.0],"rotation":0,"texture":"#87ca09ca-ceb4-73bb-73ca-f5ee2a80093d","tintindex":0},"north":{"uv":[8.0,3.875,8.5,4.125],"rotation":0,"texture":"#87ca09ca-ceb4-73bb-73ca-f5ee2a80093d","tintindex":0},"south":{"uv":[4.0,8.0,4.5,8.25],"rotation":0,"texture":"#87ca09ca-ceb4-73bb-73ca-f5ee2a80093d","tintindex":0},"up":{"uv":[8.5,4.5,8.0,4.25],"rotation":0,"texture":"#87ca09ca-ceb4-73bb-73ca-f5ee2a80093d","tintindex":0},"west":{"uv":[10.75,0.0,11.0,0.25],"rotation":0,"texture":"#87ca09ca-ceb4-73bb-73ca-f5ee2a80093d","tintindex":0}}},{"name":"cube","from":[5.0,15.8,11.0],"to":[6.8,16.400002,11.6],"rotation":{"angle":0.0,"axis":"x","origin":[8.0,8.0,8.0]},"faces":{"down":{"uv":[12.5,3.0,12.125,3.125],"rotation":0,"texture":"#87ca09ca-ceb4-73bb-73ca-f5ee2a80093d","tintindex":0},"east":{"uv":[8.625,14.375,8.75,14.5],"rotation":0,"texture":"#87ca09ca-ceb4-73bb-73ca-f5ee2a80093d","tintindex":0},"north":{"uv":[12.125,2.25,12.5,2.375],"rotation":0,"texture":"#87ca09ca-ceb4-73bb-73ca-f5ee2a80093d","tintindex":0},"south":{"uv":[12.125,2.5,12.5,2.625],"rotation":0,"texture":"#87ca09ca-ceb4-73bb-73ca-f5ee2a80093d","tintindex":0},"up":{"uv":[12.5,2.875,12.125,2.75],"rotation":0,"texture":"#87ca09ca-ceb4-73bb-73ca-f5ee2a80093d","tintindex":0},"west":{"uv":[8.875,14.375,9.0,14.5],"rotation":0,"texture":"#87ca09ca-ceb4-73bb-73ca-f5ee2a80093d","tintindex":0}}},{"name":"cube","from":[5.0,14.0,11.0],"to":[6.2,14.6,11.6],"rotation":{"angle":0.0,"axis":"x","origin":[8.0,8.0,8.0]},"faces":{"down":{"uv":[4.0,13.875,3.75,14.0],"rotation":0,"texture":"#87ca09ca-ceb4-73bb-73ca-f5ee2a80093d","tintindex":0},"east":{"uv":[15.125,2.0,15.25,2.125],"rotation":0,"texture":"#87ca09ca-ceb4-73bb-73ca-f5ee2a80093d","tintindex":0},"north":{"uv":[13.875,2.875,14.125,3.0],"rotation":0,"texture":"#87ca09ca-ceb4-73bb-73ca-f5ee2a80093d","tintindex":0},"south":{"uv":[3.0,13.875,3.25,14.0],"rotation":0,"texture":"#87ca09ca-ceb4-73bb-73ca-f5ee2a80093d","tintindex":0},"up":{"uv":[3.625,14.0,3.375,13.875],"rotation":0,"texture":"#87ca09ca-ceb4-73bb-73ca-f5ee2a80093d","tintindex":0},"west":{"uv":[2.75,15.125,2.875,15.25],"rotation":0,"texture":"#87ca09ca-ceb4-73bb-73ca-f5ee2a80093d","tintindex":0}}},{"name":"cube","from":[9.2,15.8,11.0],"to":[11.0,16.400002,11.6],"rotation":{"angle":0.0,"axis":"x","origin":[8.0,8.0,8.0]},"faces":{"down":{"uv":[12.625,0.75,12.25,0.875],"rotation":0,"texture":"#87ca09ca-ceb4-73bb-73ca-f5ee2a80093d","tintindex":0},"east":{"uv":[14.375,10.875,14.5,11.0],"rotation":0,"texture":"#87ca09ca-ceb4-73bb-73ca-f5ee2a80093d","tintindex":0},"north":{"uv":[12.25,0.0,12.625,0.125],"rotation":0,"texture":"#87ca09ca-ceb4-73bb-73ca-f5ee2a80093d","tintindex":0},"south":{"uv":[12.25,0.25,12.625,0.375],"rotation":0,"texture":"#87ca09ca-ceb4-73bb-73ca-f5ee2a80093d","tintindex":0},"up":{"uv":[12.625,0.625,12.25,0.5],"rotation":0,"texture":"#87ca09ca-ceb4-73bb-73ca-f5ee2a80093d","tintindex":0},"west":{"uv":[11.0,14.375,11.125,14.5],"rotation":0,"texture":"#87ca09ca-ceb4-73bb-73ca-f5ee2a80093d","tintindex":0}}},{"name":"cube","from":[9.8,14.0,11.0],"to":[11.0,14.6,11.6],"rotation":{"angle":0.0,"axis":"x","origin":[8.0,8.0,8.0]},"faces":{"down":{"uv":[14.125,2.625,13.875,2.75],"rotation":0,"texture":"#87ca09ca-ceb4-73bb-73ca-f5ee2a80093d","tintindex":0},"east":{"uv":[1.25,15.125,1.375,15.25],"rotation":0,"texture":"#87ca09ca-ceb4-73bb-73ca-f5ee2a80093d","tintindex":0},"north":{"uv":[13.75,12.5,14.0,12.625],"rotation":0,"texture":"#87ca09ca-ceb4-73bb-73ca-f5ee2a80093d","tintindex":0},"south":{"uv":[13.875,1.0,14.125,1.125],"rotation":0,"texture":"#87ca09ca-ceb4-73bb-73ca-f5ee2a80093d","tintindex":0},"up":{"uv":[14.125,2.5,13.875,2.375],"rotation":0,"texture":"#87ca09ca-ceb4-73bb-73ca-f5ee2a80093d","tintindex":0},"west":{"uv":[2.0,15.125,2.125,15.25],"rotation":0,"texture":"#87ca09ca-ceb4-73bb-73ca-f5ee2a80093d","tintindex":0}}},{"name":"cube","from":[4.3999996,14.0,11.0],"to":[5.0,15.8,11.6],"rotation":{"angle":0.0,"axis":"x","origin":[8.0,8.0,8.0]},"faces":{"down":{"uv":[9.5,14.375,9.375,14.5],"rotation":0,"texture":"#87ca09ca-ceb4-73bb-73ca-f5ee2a80093d","tintindex":0},"east":{"uv":[3.375,12.125,3.5,12.5],"rotation":0,"texture":"#87ca09ca-ceb4-73bb-73ca-f5ee2a80093d","tintindex":0},"north":{"uv":[1.625,12.125,1.75,12.5],"rotation":0,"texture":"#87ca09ca-ceb4-73bb-73ca-f5ee2a80093d","tintindex":0},"south":{"uv":[12.125,3.5,12.25,3.875],"rotation":0,"texture":"#87ca09ca-ceb4-73bb-73ca-f5ee2a80093d","tintindex":0},"up":{"uv":[9.25,14.5,9.125,14.375],"rotation":0,"texture":"#87ca09ca-ceb4-73bb-73ca-f5ee2a80093d","tintindex":0},"west":{"uv":[12.125,4.0,12.25,4.375],"rotation":0,"texture":"#87ca09ca-ceb4-73bb-73ca-f5ee2a80093d","tintindex":0}}},{"name":"cube","from":[11.0,14.0,11.0],"to":[11.6,15.8,11.6],"rotation":{"angle":0.0,"axis":"x","origin":[8.0,8.0,8.0]},"faces":{"down":{"uv":[11.625,14.375,11.5,14.5],"rotation":0,"texture":"#87ca09ca-ceb4-73bb-73ca-f5ee2a80093d","tintindex":0},"east":{"uv":[6.5,12.125,6.625,12.5],"rotation":0,"texture":"#87ca09ca-ceb4-73bb-73ca-f5ee2a80093d","tintindex":0},"north":{"uv":[4.5,12.125,4.625,12.5],"rotation":0,"texture":"#87ca09ca-ceb4-73bb-73ca-f5ee2a80093d","tintindex":0},"south":{"uv":[7.5,12.125,7.625,12.5],"rotation":0,"texture":"#87ca09ca-ceb4-73bb-73ca-f5ee2a80093d","tintindex":0},"up":{"uv":[11.375,14.5,11.25,14.375],"rotation":0,"texture":"#87ca09ca-ceb4-73bb-73ca-f5ee2a80093d","tintindex":0},"west":{"uv":[10.875,12.125,11.0,12.5],"rotation":0,"texture":"#87ca09ca-ceb4-73bb-73ca-f5ee2a80093d","tintindex":0}}},{"name":"cube","from":[6.2,13.400001,11.0],"to":[7.4,14.6,11.6],"rotation":{"angle":0.0,"axis":"x","origin":[8.0,8.0,8.0]},"faces":{"down":{"uv":[13.25,9.25,13.0,9.375],"rotation":0,"texture":"#87ca09ca-ceb4-73bb-73ca-f5ee2a80093d","tintindex":0},"east":{"uv":[13.0,8.25,13.125,8.5],"rotation":0,"texture":"#87ca09ca-ceb4-73bb-73ca-f5ee2a80093d","tintindex":0},"north":{"uv":[0.375,10.75,0.625,11.0],"rotation":0,"texture":"#87ca09ca-ceb4-73bb-73ca-f5ee2a80093d","tintindex":0},"south":{"uv":[0.75,10.75,1.0,11.0],"rotation":0,"texture":"#87ca09ca-ceb4-73bb-73ca-f5ee2a80093d","tintindex":0},"up":{"uv":[13.25,9.125,13.0,9.0],"rotation":0,"texture":"#87ca09ca-ceb4-73bb-73ca-f5ee2a80093d","tintindex":0},"west":{"uv":[13.0,8.625,13.125,8.875],"rotation":0,"texture":"#87ca09ca-ceb4-73bb-73ca-f5ee2a80093d","tintindex":0}}},{"name":"cube","from":[7.4,13.400001,11.0],"to":[8.6,14.0,11.6],"rotation":{"angle":0.0,"axis":"x","origin":[8.0,8.0,8.0]},"faces":{"down":{"uv":[5.625,13.875,5.375,14.0],"rotation":0,"texture":"#87ca09ca-ceb4-73bb-73ca-f5ee2a80093d","tintindex":0},"east":{"uv":[3.0,15.125,3.125,15.25],"rotation":0,"texture":"#87ca09ca-ceb4-73bb-73ca-f5ee2a80093d","tintindex":0},"north":{"uv":[13.875,4.25,14.125,4.375],"rotation":0,"texture":"#87ca09ca-ceb4-73bb-73ca-f5ee2a80093d","tintindex":0},"south":{"uv":[4.625,13.875,4.875,14.0],"rotation":0,"texture":"#87ca09ca-ceb4-73bb-73ca-f5ee2a80093d","tintindex":0},"up":{"uv":[5.25,14.0,5.0,13.875],"rotation":0,"texture":"#87ca09ca-ceb4-73bb-73ca-f5ee2a80093d","tintindex":0},"west":{"uv":[3.25,15.125,3.375,15.25],"rotation":0,"texture":"#87ca09ca-ceb4-73bb-73ca-f5ee2a80093d","tintindex":0}}},{"name":"cube","from":[8.6,13.400001,11.0],"to":[9.8,14.6,11.6],"rotation":{"angle":0.0,"axis":"x","origin":[8.0,8.0,8.0]},"faces":{"down":{"uv":[13.375,0.5,13.125,0.625],"rotation":0,"texture":"#87ca09ca-ceb4-73bb-73ca-f5ee2a80093d","tintindex":0},"east":{"uv":[10.25,13.0,10.375,13.25],"rotation":0,"texture":"#87ca09ca-ceb4-73bb-73ca-f5ee2a80093d","tintindex":0},"north":{"uv":[1.125,10.75,1.375,11.0],"rotation":0,"texture":"#87ca09ca-ceb4-73bb-73ca-f5ee2a80093d","tintindex":0},"south":{"uv":[10.75,1.875,11.0,2.125],"rotation":0,"texture":"#87ca09ca-ceb4-73bb-73ca-f5ee2a80093d","tintindex":0},"up":{"uv":[13.375,0.375,13.125,0.25],"rotation":0,"texture":"#87ca09ca-ceb4-73bb-73ca-f5ee2a80093d","tintindex":0},"west":{"uv":[13.0,12.75,13.125,13.0],"rotation":0,"texture":"#87ca09ca-ceb4-73bb-73ca-f5ee2a80093d","tintindex":0}}},{"name":"cube","from":[5.6,12.8,11.0],"to":[7.4,13.400001,12.2],"rotation":{"angle":0.0,"axis":"x","origin":[8.0,8.0,8.0]},"faces":{"down":{"uv":[5.25,9.0,4.875,9.25],"rotation":0,"texture":"#87ca09ca-ceb4-73bb-73ca-f5ee2a80093d","tintindex":0},"east":{"uv":[13.0,9.5,13.25,9.625],"rotation":0,"texture":"#87ca09ca-ceb4-73bb-73ca-f5ee2a80093d","tintindex":0},"north":{"uv":[12.125,4.75,12.5,4.875],"rotation":0,"texture":"#87ca09ca-ceb4-73bb-73ca-f5ee2a80093d","tintindex":0},"south":{"uv":[12.125,5.25,12.5,5.375],"rotation":0,"texture":"#87ca09ca-ceb4-73bb-73ca-f5ee2a80093d","tintindex":0},"up":{"uv":[9.375,5.0,9.0,4.75],"rotation":0,"texture":"#87ca09ca-ceb4-73bb-73ca-f5ee2a80093d","tintindex":0},"west":{"uv":[13.0,10.75,13.25,10.875],"rotation":0,"texture":"#87ca09ca-ceb4-73bb-73ca-f5ee2a80093d","tintindex":0}}},{"name":"cube","from":[8.6,12.8,11.0],"to":[10.4,13.400001,12.2],"rotation":{"angle":0.0,"axis":"x","origin":[8.0,8.0,8.0]},"faces":{"down":{"uv":[9.75,3.625,9.375,3.875],"rotation":0,"texture":"#87ca09ca-ceb4-73bb-73ca-f5ee2a80093d","tintindex":0},"east":{"uv":[13.0,12.125,13.25,12.25],"rotation":0,"texture":"#87ca09ca-ceb4-73bb-73ca-f5ee2a80093d","tintindex":0},"north":{"uv":[12.125,11.5,12.5,11.625],"rotation":0,"texture":"#87ca09ca-ceb4-73bb-73ca-f5ee2a80093d","tintindex":0},"south":{"uv":[12.125,11.75,12.5,11.875],"rotation":0,"texture":"#87ca09ca-ceb4-73bb-73ca-f5ee2a80093d","tintindex":0},"up":{"uv":[4.0,9.625,3.625,9.375],"rotation":0,"texture":"#87ca09ca-ceb4-73bb-73ca-f5ee2a80093d","tintindex":0},"west":{"uv":[12.5,13.0,12.75,13.125],"rotation":0,"texture":"#87ca09ca-ceb4-73bb-73ca-f5ee2a80093d","tintindex":0}}},{"name":"cube","from":[5.0,12.2,11.6],"to":[6.8,12.8,12.8],"rotation":{"angle":0.0,"axis":"x","origin":[8.0,8.0,8.0]},"faces":{"down":{"uv":[8.25,9.0,7.875,9.25],"rotation":0,"texture":"#87ca09ca-ceb4-73bb-73ca-f5ee2a80093d","tintindex":0},"east":{"uv":[11.0,13.0,11.25,13.125],"rotation":0,"texture":"#87ca09ca-ceb4-73bb-73ca-f5ee2a80093d","tintindex":0},"north":{"uv":[5.375,12.125,5.75,12.25],"rotation":0,"texture":"#87ca09ca-ceb4-73bb-73ca-f5ee2a80093d","tintindex":0},"south":{"uv":[12.125,5.5,12.5,5.625],"rotation":0,"texture":"#87ca09ca-ceb4-73bb-73ca-f5ee2a80093d","tintindex":0},"up":{"uv":[6.625,9.25,6.25,9.0],"rotation":0,"texture":"#87ca09ca-ceb4-73bb-73ca-f5ee2a80093d","tintindex":0},"west":{"uv":[11.75,13.0,12.0,13.125],"rotation":0,"texture":"#87ca09ca-ceb4-73bb-73ca-f5ee2a80093d","tintindex":0}}},{"name":"cube","from":[9.2,12.2,11.6],"to":[11.0,12.8,12.8],"rotation":{"angle":0.0,"axis":"x","origin":[8.0,8.0,8.0]},"faces":{"down":{"uv":[8.75,9.25,8.375,9.5],"rotation":0,"texture":"#87ca09ca-ceb4-73bb-73ca-f5ee2a80093d","tintindex":0},"east":{"uv":[13.0,11.875,13.25,12.0],"rotation":0,"texture":"#87ca09ca-ceb4-73bb-73ca-f5ee2a80093d","tintindex":0},"north":{"uv":[12.125,11.0,12.5,11.125],"rotation":0,"texture":"#87ca09ca-ceb4-73bb-73ca-f5ee2a80093d","tintindex":0},"south":{"uv":[12.125,11.25,12.5,11.375],"rotation":0,"texture":"#87ca09ca-ceb4-73bb-73ca-f5ee2a80093d","tintindex":0},"up":{"uv":[9.625,7.25,9.25,7.0],"rotation":0,"texture":"#87ca09ca-ceb4-73bb-73ca-f5ee2a80093d","tintindex":0},"west":{"uv":[12.125,13.0,12.375,13.125],"rotation":0,"texture":"#87ca09ca-ceb4-73bb-73ca-f5ee2a80093d","tintindex":0}}},{"name":"cube","from":[4.3999996,11.6,12.2],"to":[6.2,12.2,12.8],"rotation":{"angle":0.0,"axis":"x","origin":[8.0,8.0,8.0]},"faces":{"down":{"uv":[12.5,9.375,12.125,9.5],"rotation":0,"texture":"#87ca09ca-ceb4-73bb-73ca-f5ee2a80093d","tintindex":0},"east":{"uv":[14.375,9.625,14.5,9.75],"rotation":0,"texture":"#87ca09ca-ceb4-73bb-73ca-f5ee2a80093d","tintindex":0},"north":{"uv":[12.125,5.75,12.5,5.875],"rotation":0,"texture":"#87ca09ca-ceb4-73bb-73ca-f5ee2a80093d","tintindex":0},"south":{"uv":[12.125,9.125,12.5,9.25],"rotation":0,"texture":"#87ca09ca-ceb4-73bb-73ca-f5ee2a80093d","tintindex":0},"up":{"uv":[9.625,12.25,9.25,12.125],"rotation":0,"texture":"#87ca09ca-ceb4-73bb-73ca-f5ee2a80093d","tintindex":0},"west":{"uv":[9.875,14.375,10.0,14.5],"rotation":0,"texture":"#87ca09ca-ceb4-73bb-73ca-f5ee2a80093d","tintindex":0}}},{"name":"cube","from":[9.8,11.6,12.2],"to":[11.6,12.2,12.8],"rotation":{"angle":0.0,"axis":"x","origin":[8.0,8.0,8.0]},"faces":{"down":{"uv":[12.5,10.125,12.125,10.25],"rotation":0,"texture":"#87ca09ca-ceb4-73bb-73ca-f5ee2a80093d","tintindex":0},"east":{"uv":[14.375,10.125,14.5,10.25],"rotation":0,"texture":"#87ca09ca-ceb4-73bb-73ca-f5ee2a80093d","tintindex":0},"north":{"uv":[12.125,9.625,12.5,9.75],"rotation":0,"texture":"#87ca09ca-ceb4-73bb-73ca-f5ee2a80093d","tintindex":0},"south":{"uv":[9.75,12.125,10.125,12.25],"rotation":0,"texture":"#87ca09ca-ceb4-73bb-73ca-f5ee2a80093d","tintindex":0},"up":{"uv":[12.5,10.0,12.125,9.875],"rotation":0,"texture":"#87ca09ca-ceb4-73bb-73ca-f5ee2a80093d","tintindex":0},"west":{"uv":[10.5,14.375,10.625,14.5],"rotation":0,"texture":"#87ca09ca-ceb4-73bb-73ca-f5ee2a80093d","tintindex":0}}},{"name":"cube","from":[4.3999996,10.4,11.6],"to":[6.2,11.6,13.400001],"rotation":{"angle":0.0,"axis":"x","origin":[8.0,8.0,8.0]},"faces":{"down":{"uv":[8.0,1.0,7.625,1.375],"rotation":0,"texture":"#87ca09ca-ceb4-73bb-73ca-f5ee2a80093d","tintindex":0},"east":{"uv":[0.0,9.125,0.375,9.375],"rotation":0,"texture":"#87ca09ca-ceb4-73bb-73ca-f5ee2a80093d","tintindex":0},"north":{"uv":[9.0,7.875,9.375,8.125],"rotation":0,"texture":"#87ca09ca-ceb4-73bb-73ca-f5ee2a80093d","tintindex":0},"south":{"uv":[0.5,9.125,0.875,9.375],"rotation":0,"texture":"#87ca09ca-ceb4-73bb-73ca-f5ee2a80093d","tintindex":0},"up":{"uv":[8.0,0.375,7.625,0.0],"rotation":0,"texture":"#87ca09ca-ceb4-73bb-73ca-f5ee2a80093d","tintindex":0},"west":{"uv":[9.125,0.5,9.5,0.75],"rotation":0,"texture":"#87ca09ca-ceb4-73bb-73ca-f5ee2a80093d","tintindex":0}}},{"name":"cube","from":[9.8,10.4,11.6],"to":[11.6,11.6,13.400001],"rotation":{"angle":0.0,"axis":"x","origin":[8.0,8.0,8.0]},"faces":{"down":{"uv":[7.125,7.75,6.75,8.125],"rotation":0,"texture":"#87ca09ca-ceb4-73bb-73ca-f5ee2a80093d","tintindex":0},"east":{"uv":[9.25,2.875,9.625,3.125],"rotation":0,"texture":"#87ca09ca-ceb4-73bb-73ca-f5ee2a80093d","tintindex":0},"north":{"uv":[9.25,0.875,9.625,1.125],"rotation":0,"texture":"#87ca09ca-ceb4-73bb-73ca-f5ee2a80093d","tintindex":0},"south":{"uv":[3.125,9.25,3.5,9.5],"rotation":0,"texture":"#87ca09ca-ceb4-73bb-73ca-f5ee2a80093d","tintindex":0},"up":{"uv":[8.125,6.375,7.75,6.0],"rotation":0,"texture":"#87ca09ca-ceb4-73bb-73ca-f5ee2a80093d","tintindex":0},"west":{"uv":[9.25,3.25,9.625,3.5],"rotation":0,"texture":"#87ca09ca-ceb4-73bb-73ca-f5ee2a80093d","tintindex":0}}},{"name":"cube","from":[4.3999996,9.2,11.6],"to":[6.2,10.4,13.400001],"rotation":{"angle":0.0,"axis":"x","origin":[8.0,8.0,8.0]},"faces":{"down":{"uv":[8.0,7.25,7.625,7.625],"rotation":0,"texture":"#87ca09ca-ceb4-73bb-73ca-f5ee2a80093d","tintindex":0},"east":{"uv":[1.5,9.125,1.875,9.375],"rotation":0,"texture":"#87ca09ca-ceb4-73bb-73ca-f5ee2a80093d","tintindex":0},"north":{"uv":[1.0,9.125,1.375,9.375],"rotation":0,"texture":"#87ca09ca-ceb4-73bb-73ca-f5ee2a80093d","tintindex":0},"south":{"uv":[2.0,9.125,2.375,9.375],"rotation":0,"texture":"#87ca09ca-ceb4-73bb-73ca-f5ee2a80093d","tintindex":0},"up":{"uv":[2.75,8.0,2.375,7.625],"rotation":0,"texture":"#87ca09ca-ceb4-73bb-73ca-f5ee2a80093d","tintindex":0},"west":{"uv":[9.125,5.125,9.5,5.375],"rotation":0,"texture":"#87ca09ca-ceb4-73bb-73ca-f5ee2a80093d","tintindex":0}}},{"name":"cube","from":[9.8,9.2,11.6],"to":[11.6,10.4,13.400001],"rotation":{"angle":0.0,"axis":"x","origin":[8.0,8.0,8.0]},"faces":{"down":{"uv":[5.875,7.75,5.5,8.125],"rotation":0,"texture":"#87ca09ca-ceb4-73bb-73ca-f5ee2a80093d","tintindex":0},"east":{"uv":[9.125,8.625,9.5,8.875],"rotation":0,"texture":"#87ca09ca-ceb4-73bb-73ca-f5ee2a80093d","tintindex":0},"north":{"uv":[9.125,8.25,9.5,8.5],"rotation":0,"texture":"#87ca09ca-ceb4-73bb-73ca-f5ee2a80093d","tintindex":0},"south":{"uv":[9.125,9.0,9.5,9.25],"rotation":0,"texture":"#87ca09ca-ceb4-73bb-73ca-f5ee2a80093d","tintindex":0},"up":{"uv":[0.375,8.125,0.0,7.75],"rotation":0,"texture":"#87ca09ca-ceb4-73bb-73ca-f5ee2a80093d","tintindex":0},"west":{"uv":[9.25,0.0,9.625,0.25],"rotation":0,"texture":"#87ca09ca-ceb4-73bb-73ca-f5ee2a80093d","tintindex":0}}},{"name":"cube","from":[5.6,14.0,11.6],"to":[6.8,14.6,12.2],"rotation":{"angle":0.0,"axis":"x","origin":[8.0,8.0,8.0]},"faces":{"down":{"uv":[13.25,8.0,13.0,8.125],"rotation":0,"texture":"#87ca09ca-ceb4-73bb-73ca-f5ee2a80093d","tintindex":0},"east":{"uv":[14.375,9.375,14.5,9.5],"rotation":0,"texture":"#87ca09ca-ceb4-73bb-73ca-f5ee2a80093d","tintindex":0},"north":{"uv":[13.0,7.5,13.25,7.625],"rotation":0,"texture":"#87ca09ca-ceb4-73bb-73ca-f5ee2a80093d","tintindex":0},"south":{"uv":[7.75,13.0,8.0,13.125],"rotation":0,"texture":"#87ca09ca-ceb4-73bb-73ca-f5ee2a80093d","tintindex":0},"up":{"uv":[13.25,7.875,13.0,7.75],"rotation":0,"texture":"#87ca09ca-ceb4-73bb-73ca-f5ee2a80093d","tintindex":0},"west":{"uv":[9.625,14.375,9.75,14.5],"rotation":0,"texture":"#87ca09ca-ceb4-73bb-73ca-f5ee2a80093d","tintindex":0}}},{"name":"cube","from":[9.2,14.0,11.6],"to":[10.4,14.6,12.2],"rotation":{"angle":0.0,"axis":"x","origin":[8.0,8.0,8.0]},"faces":{"down":{"uv":[13.375,3.5,13.125,3.625],"rotation":0,"texture":"#87ca09ca-ceb4-73bb-73ca-f5ee2a80093d","tintindex":0},"east":{"uv":[14.375,10.625,14.5,10.75],"rotation":0,"texture":"#87ca09ca-ceb4-73bb-73ca-f5ee2a80093d","tintindex":0},"north":{"uv":[13.125,1.125,13.375,1.25],"rotation":0,"texture":"#87ca09ca-ceb4-73bb-73ca-f5ee2a80093d","tintindex":0},"south":{"uv":[3.125,13.125,3.375,13.25],"rotation":0,"texture":"#87ca09ca-ceb4-73bb-73ca-f5ee2a80093d","tintindex":0},"up":{"uv":[3.75,13.25,3.5,13.125],"rotation":0,"texture":"#87ca09ca-ceb4-73bb-73ca-f5ee2a80093d","tintindex":0},"west":{"uv":[10.75,14.375,10.875,14.5],"rotation":0,"texture":"#87ca09ca-ceb4-73bb-73ca-f5ee2a80093d","tintindex":0}}}],"display":{"head":{"translation":[0.0,-6.4,0.0],"rotation":[0.0,0.0,0.0],"scale":[3.8095,3.8095,3.8095]},"gui":{"translation":[0.0,0.0,0.0],"rotation":[35.0,225.0,0.0],"scale":[0.625,0.625,0.625]}}}