{"file_name":"bone","texture_size":[128,128],"textures":{"87ca09ca-ceb4-73bb-73ca-f5ee2a80093d":"modelengine:entity/mikochar"},"elements":[{"name":"cube","from":[5.6,6.2,8.0],"to":[6.8,6.8,9.2],"rotation":{"angle":0.0,"axis":"x","origin":[7.4,8.0,8.0]},"faces":{"down":{"uv":[8.625,10.0,8.375,10.25],"rotation":0,"texture":"#87ca09ca-ceb4-73bb-73ca-f5ee2a80093d","tintindex":0},"east":{"uv":[12.625,9.0,12.875,9.125],"rotation":0,"texture":"#87ca09ca-ceb4-73bb-73ca-f5ee2a80093d","tintindex":0},"north":{"uv":[7.375,12.625,7.625,12.75],"rotation":0,"texture":"#87ca09ca-ceb4-73bb-73ca-f5ee2a80093d","tintindex":0},"south":{"uv":[12.625,9.25,12.875,9.375],"rotation":0,"texture":"#87ca09ca-ceb4-73bb-73ca-f5ee2a80093d","tintindex":0},"up":{"uv":[2.375,10.25,2.125,10.0],"rotation":0,"texture":"#87ca09ca-ceb4-73bb-73ca-f5ee2a80093d","tintindex":0},"west":{"uv":[12.625,9.5,12.875,9.625],"rotation":0,"texture":"#87ca09ca-ceb4-73bb-73ca-f5ee2a80093d","tintindex":0}}},{"name":"cube","from":[4.3999996,3.7999997,8.0],"to":[5.6,5.0,9.8],"rotation":{"angle":0.0,"axis":"x","origin":[7.4,8.0,8.0]},"faces":{"down":{"uv":[7.75,8.625,7.5,9.0],"rotation":0,"texture":"#87ca09ca-ceb4-73bb-73ca-f5ee2a80093d","tintindex":0},"east":{"uv":[0.625,5.0,1.0,5.25],"rotation":0,"texture":"#87ca09ca-ceb4-73bb-73ca-f5ee2a80093d","tintindex":0},"north":{"uv":[3.625,10.125,3.875,10.375],"rotation":0,"texture":"#87ca09ca-ceb4-73bb-73ca-f5ee2a80093d","tintindex":0},"south":{"uv":[10.25,1.375,10.5,1.625],"rotation":0,"texture":"#87ca09ca-ceb4-73bb-73ca-f5ee2a80093d","tintindex":0},"up":{"uv":[8.875,5.125,8.625,4.75],"rotation":0,"texture":"#87ca09ca-ceb4-73bb-73ca-f5ee2a80093d","tintindex":0},"west":{"uv":[8.625,0.5,9.0,0.75],"rotation":0,"texture":"#87ca09ca-ceb4-73bb-73ca-f5ee2a80093d","tintindex":0}}},{"name":"cube","from":[4.3999996,3.7999997,7.4],"to":[5.6,4.3999996,8.0],"rotation":{"angle":0.0,"axis":"x","origin":[7.4,8.0,8.0]},"faces":{"down":{"uv":[2.25,13.25,2.0,13.375],"rotation":0,"texture":"#87ca09ca-ceb4-73bb-73ca-f5ee2a80093d","tintindex":0},"east":{"uv":[12.75,14.375,12.875,14.5],"rotation":0,"texture":"#87ca09ca-ceb4-73bb-73ca-f5ee2a80093d","tintindex":0},"north":{"uv":[13.25,1.375,13.5,1.5],"rotation":0,"texture":"#87ca09ca-ceb4-73bb-73ca-f5ee2a80093d","tintindex":0},"south":{"uv":[13.25,1.625,13.5,1.75],"rotation":0,"texture":"#87ca09ca-ceb4-73bb-73ca-f5ee2a80093d","tintindex":0},"up":{"uv":[13.5,2.0,13.25,1.875],"rotation":0,"texture":"#87ca09ca-ceb4-73bb-73ca-f5ee2a80093d","tintindex":0},"west":{"uv":[13.0,14.375,13.125,14.5],"rotation":0,"texture":"#87ca09ca-ceb4-73bb-73ca-f5ee2a80093d","tintindex":0}}},{"name":"cube","from":[3.7999997,3.7999997,7.4],"to":[4.3999996,4.3999996,9.8],"rotation":{"angle":0.0,"axis":"x","origin":[7.4,8.0,8.0]},"faces":{"down":{"uv":[11.0,0.875,10.875,1.375],"rotation":0,"texture":"#87ca09ca-ceb4-73bb-73ca-f5ee2a80093d","tintindex":0},"east":{"uv":[9.75,10.75,10.25,10.875],"rotation":0,"texture":"#87ca09ca-ceb4-73bb-73ca-f5ee2a80093d","tintindex":0},"north":{"uv":[14.375,12.25,14.5,12.375],"rotation":0,"texture":"#87ca09ca-ceb4-73bb-73ca-f5ee2a80093d","tintindex":0},"south":{"uv":[12.5,14.375,12.625,14.5],"rotation":0,"texture":"#87ca09ca-ceb4-73bb-73ca-f5ee2a80093d","tintindex":0},"up":{"uv":[10.5,11.25,10.375,10.75],"rotation":0,"texture":"#87ca09ca-ceb4-73bb-73ca-f5ee2a80093d","tintindex":0},"west":{"uv":[10.875,0.625,11.375,0.75],"rotation":0,"texture":"#87ca09ca-ceb4-73bb-73ca-f5ee2a80093d","tintindex":0}}},{"name":"cube","from":[3.7999997,2.6,8.6],"to":[4.3999996,3.7999997,9.8],"rotation":{"angle":0.0,"axis":"x","origin":[7.4,8.0,8.0]},"faces":{"down":{"uv":[13.375,2.75,13.25,3.0],"rotation":0,"texture":"#87ca09ca-ceb4-73bb-73ca-f5ee2a80093d","tintindex":0},"east":{"uv":[10.875,1.5,11.125,1.75],"rotation":0,"texture":"#87ca09ca-ceb4-73bb-73ca-f5ee2a80093d","tintindex":0},"north":{"uv":[1.5,13.25,1.625,13.5],"rotation":0,"texture":"#87ca09ca-ceb4-73bb-73ca-f5ee2a80093d","tintindex":0},"south":{"uv":[2.375,13.25,2.5,13.5],"rotation":0,"texture":"#87ca09ca-ceb4-73bb-73ca-f5ee2a80093d","tintindex":0},"up":{"uv":[13.375,2.625,13.25,2.375],"rotation":0,"texture":"#87ca09ca-ceb4-73bb-73ca-f5ee2a80093d","tintindex":0},"west":{"uv":[1.75,10.875,2.0,11.125],"rotation":0,"texture":"#87ca09ca-ceb4-73bb-73ca-f5ee2a80093d","tintindex":0}}},{"name":"cube","from":[4.3999996,2.6,9.2],"to":[5.6,3.7999997,9.8],"rotation":{"angle":0.0,"axis":"x","origin":[7.4,8.0,8.0]},"faces":{"down":{"uv":[1.375,13.25,1.125,13.375],"rotation":0,"texture":"#87ca09ca-ceb4-73bb-73ca-f5ee2a80093d","tintindex":0},"east":{"uv":[13.125,13.125,13.25,13.375],"rotation":0,"texture":"#87ca09ca-ceb4-73bb-73ca-f5ee2a80093d","tintindex":0},"north":{"uv":[10.75,8.625,11.0,8.875],"rotation":0,"texture":"#87ca09ca-ceb4-73bb-73ca-f5ee2a80093d","tintindex":0},"south":{"uv":[10.75,9.0,11.0,9.25],"rotation":0,"texture":"#87ca09ca-ceb4-73bb-73ca-f5ee2a80093d","tintindex":0},"up":{"uv":[1.0,13.375,0.75,13.25],"rotation":0,"texture":"#87ca09ca-ceb4-73bb-73ca-f5ee2a80093d","tintindex":0},"west":{"uv":[0.5,13.25,0.625,13.5],"rotation":0,"texture":"#87ca09ca-ceb4-73bb-73ca-f5ee2a80093d","tintindex":0}}},{"name":"cube","from":[4.3999996,2.6,9.8],"to":[5.6,3.1999998,10.4],"rotation":{"angle":0.0,"axis":"x","origin":[7.4,8.0,8.0]},"faces":{"down":{"uv":[13.5,4.625,13.25,4.75],"rotation":0,"texture":"#87ca09ca-ceb4-73bb-73ca-f5ee2a80093d","tintindex":0},"east":{"uv":[13.25,14.375,13.375,14.5],"rotation":0,"texture":"#87ca09ca-ceb4-73bb-73ca-f5ee2a80093d","tintindex":0},"north":{"uv":[13.25,3.125,13.5,3.25],"rotation":0,"texture":"#87ca09ca-ceb4-73bb-73ca-f5ee2a80093d","tintindex":0},"south":{"uv":[13.25,4.125,13.5,4.25],"rotation":0,"texture":"#87ca09ca-ceb4-73bb-73ca-f5ee2a80093d","tintindex":0},"up":{"uv":[13.5,4.5,13.25,4.375],"rotation":0,"texture":"#87ca09ca-ceb4-73bb-73ca-f5ee2a80093d","tintindex":0},"west":{"uv":[13.5,14.375,13.625,14.5],"rotation":0,"texture":"#87ca09ca-ceb4-73bb-73ca-f5ee2a80093d","tintindex":0}}},{"name":"cube","from":[5.0,5.0,8.0],"to":[6.2,6.2,9.8],"rotation":{"angle":0.0,"axis":"x","origin":[7.4,8.0,8.0]},"faces":{"down":{"uv":[4.5,8.875,4.25,9.25],"rotation":0,"texture":"#87ca09ca-ceb4-73bb-73ca-f5ee2a80093d","tintindex":0},"east":{"uv":[8.625,8.5,9.0,8.75],"rotation":0,"texture":"#87ca09ca-ceb4-73bb-73ca-f5ee2a80093d","tintindex":0},"north":{"uv":[10.25,3.375,10.5,3.625],"rotation":0,"texture":"#87ca09ca-ceb4-73bb-73ca-f5ee2a80093d","tintindex":0},"south":{"uv":[10.25,3.75,10.5,4.0],"rotation":0,"texture":"#87ca09ca-ceb4-73bb-73ca-f5ee2a80093d","tintindex":0},"up":{"uv":[3.625,9.125,3.375,8.75],"rotation":0,"texture":"#87ca09ca-ceb4-73bb-73ca-f5ee2a80093d","tintindex":0},"west":{"uv":[8.625,8.875,9.0,9.125],"rotation":0,"texture":"#87ca09ca-ceb4-73bb-73ca-f5ee2a80093d","tintindex":0}}},{"name":"cube","from":[4.3999996,2.6,8.0],"to":[5.0,3.7999997,9.2],"rotation":{"angle":0.0,"axis":"x","origin":[7.4,8.0,8.0]},"faces":{"down":{"uv":[12.75,10.5,12.625,10.75],"rotation":0,"texture":"#87ca09ca-ceb4-73bb-73ca-f5ee2a80093d","tintindex":0},"east":{"uv":[1.5,10.25,1.75,10.5],"rotation":0,"texture":"#87ca09ca-ceb4-73bb-73ca-f5ee2a80093d","tintindex":0},"north":{"uv":[6.5,12.625,6.625,12.875],"rotation":0,"texture":"#87ca09ca-ceb4-73bb-73ca-f5ee2a80093d","tintindex":0},"south":{"uv":[12.625,9.75,12.75,10.0],"rotation":0,"texture":"#87ca09ca-ceb4-73bb-73ca-f5ee2a80093d","tintindex":0},"up":{"uv":[12.75,10.375,12.625,10.125],"rotation":0,"texture":"#87ca09ca-ceb4-73bb-73ca-f5ee2a80093d","tintindex":0},"west":{"uv":[10.25,2.375,10.5,2.625],"rotation":0,"texture":"#87ca09ca-ceb4-73bb-73ca-f5ee2a80093d","tintindex":0}}},{"name":"cube","from":[5.0,3.1999998,8.0],"to":[5.6,3.7999997,9.2],"rotation":{"angle":0.0,"axis":"x","origin":[7.4,8.0,8.0]},"faces":{"down":{"uv":[12.75,11.5,12.625,11.75],"rotation":0,"texture":"#87ca09ca-ceb4-73bb-73ca-f5ee2a80093d","tintindex":0},"east":{"uv":[10.75,12.625,11.0,12.75],"rotation":0,"texture":"#87ca09ca-ceb4-73bb-73ca-f5ee2a80093d","tintindex":0},"north":{"uv":[13.875,6.125,14.0,6.25],"rotation":0,"texture":"#87ca09ca-ceb4-73bb-73ca-f5ee2a80093d","tintindex":0},"south":{"uv":[6.25,13.875,6.375,14.0],"rotation":0,"texture":"#87ca09ca-ceb4-73bb-73ca-f5ee2a80093d","tintindex":0},"up":{"uv":[12.75,11.375,12.625,11.125],"rotation":0,"texture":"#87ca09ca-ceb4-73bb-73ca-f5ee2a80093d","tintindex":0},"west":{"uv":[12.625,10.875,12.875,11.0],"rotation":0,"texture":"#87ca09ca-ceb4-73bb-73ca-f5ee2a80093d","tintindex":0}}}],"display":{"head":{"translation":[0.0,-6.4,0.0],"rotation":[0.0,0.0,0.0],"scale":[3.8095,3.8095,3.8095]},"gui":{"translation":[0.0,0.0,0.0],"rotation":[35.0,225.0,0.0],"scale":[0.625,0.625,0.625]}}}