{"file_name":"l_hand","texture_size":[128,128],"textures":{"87ca09ca-ceb4-73bb-73ca-f5ee2a80093d":"modelengine:entity/mikochar"},"elements":[{"name":"cube","from":[5.6,7.4,6.8],"to":[8.0,9.2,9.2],"rotation":{"angle":0.0,"axis":"x","origin":[10.4,-2.8000002,7.4]},"faces":{"down":{"uv":[0.5,6.125,0.0,6.625],"rotation":0,"texture":"#87ca09ca-ceb4-73bb-73ca-f5ee2a80093d","tintindex":0},"east":{"uv":[6.875,3.125,7.375,3.5],"rotation":0,"texture":"#87ca09ca-ceb4-73bb-73ca-f5ee2a80093d","tintindex":0},"north":{"uv":[3.0,6.875,3.5,7.25],"rotation":0,"texture":"#87ca09ca-ceb4-73bb-73ca-f5ee2a80093d","tintindex":0},"south":{"uv":[3.625,6.875,4.125,7.25],"rotation":0,"texture":"#87ca09ca-ceb4-73bb-73ca-f5ee2a80093d","tintindex":0},"up":{"uv":[6.375,6.125,5.875,5.625],"rotation":0,"texture":"#87ca09ca-ceb4-73bb-73ca-f5ee2a80093d","tintindex":0},"west":{"uv":[6.875,3.625,7.375,4.0],"rotation":0,"texture":"#87ca09ca-ceb4-73bb-73ca-f5ee2a80093d","tintindex":0}}},{"name":"cube","from":[5.0,8.0,6.2],"to":[6.8,9.2,6.8],"rotation":{"angle":0.0,"axis":"x","origin":[10.4,-2.8000002,7.4]},"faces":{"down":{"uv":[12.625,1.25,12.25,1.375],"rotation":0,"texture":"#87ca09ca-ceb4-73bb-73ca-f5ee2a80093d","tintindex":0},"east":{"uv":[13.125,3.75,13.25,4.0],"rotation":0,"texture":"#87ca09ca-ceb4-73bb-73ca-f5ee2a80093d","tintindex":0},"north":{"uv":[9.375,4.0,9.75,4.25],"rotation":0,"texture":"#87ca09ca-ceb4-73bb-73ca-f5ee2a80093d","tintindex":0},"south":{"uv":[4.125,9.375,4.5,9.625],"rotation":0,"texture":"#87ca09ca-ceb4-73bb-73ca-f5ee2a80093d","tintindex":0},"up":{"uv":[12.625,1.125,12.25,1.0],"rotation":0,"texture":"#87ca09ca-ceb4-73bb-73ca-f5ee2a80093d","tintindex":0},"west":{"uv":[3.875,13.125,4.0,13.375],"rotation":0,"texture":"#87ca09ca-ceb4-73bb-73ca-f5ee2a80093d","tintindex":0}}},{"name":"cube","from":[5.0,8.0,9.2],"to":[6.8,9.2,9.8],"rotation":{"angle":0.0,"axis":"x","origin":[10.4,-2.8000002,7.4]},"faces":{"down":{"uv":[12.625,2.0,12.25,2.125],"rotation":0,"texture":"#87ca09ca-ceb4-73bb-73ca-f5ee2a80093d","tintindex":0},"east":{"uv":[4.875,13.125,5.0,13.375],"rotation":0,"texture":"#87ca09ca-ceb4-73bb-73ca-f5ee2a80093d","tintindex":0},"north":{"uv":[9.375,4.375,9.75,4.625],"rotation":0,"texture":"#87ca09ca-ceb4-73bb-73ca-f5ee2a80093d","tintindex":0},"south":{"uv":[4.875,9.375,5.25,9.625],"rotation":0,"texture":"#87ca09ca-ceb4-73bb-73ca-f5ee2a80093d","tintindex":0},"up":{"uv":[12.625,1.875,12.25,1.75],"rotation":0,"texture":"#87ca09ca-ceb4-73bb-73ca-f5ee2a80093d","tintindex":0},"west":{"uv":[13.125,4.875,13.25,5.125],"rotation":0,"texture":"#87ca09ca-ceb4-73bb-73ca-f5ee2a80093d","tintindex":0}}},{"name":"cube","from":[4.3999996,8.0,6.8],"to":[5.0,9.2,9.2],"rotation":{"angle":0.0,"axis":"x","origin":[10.4,-2.8000002,7.4]},"faces":{"down":{"uv":[7.125,10.75,7.0,11.25],"rotation":0,"texture":"#87ca09ca-ceb4-73bb-73ca-f5ee2a80093d","tintindex":0},"east":{"uv":[8.0,5.0,8.5,5.25],"rotation":0,"texture":"#87ca09ca-ceb4-73bb-73ca-f5ee2a80093d","tintindex":0},"north":{"uv":[0.0,13.125,0.125,13.375],"rotation":0,"texture":"#87ca09ca-ceb4-73bb-73ca-f5ee2a80093d","tintindex":0},"south":{"uv":[1.75,13.125,1.875,13.375],"rotation":0,"texture":"#87ca09ca-ceb4-73bb-73ca-f5ee2a80093d","tintindex":0},"up":{"uv":[2.25,11.25,2.125,10.75],"rotation":0,"texture":"#87ca09ca-ceb4-73bb-73ca-f5ee2a80093d","tintindex":0},"west":{"uv":[7.25,8.0,7.75,8.25],"rotation":0,"texture":"#87ca09ca-ceb4-73bb-73ca-f5ee2a80093d","tintindex":0}}},{"name":"cube","from":[4.3999996,7.4,7.4],"to":[5.0,8.0,8.6],"rotation":{"angle":0.0,"axis":"x","origin":[10.4,-2.8000002,7.4]},"faces":{"down":{"uv":[8.25,13.125,8.125,13.375],"rotation":0,"texture":"#87ca09ca-ceb4-73bb-73ca-f5ee2a80093d","tintindex":0},"east":{"uv":[13.125,6.125,13.375,6.25],"rotation":0,"texture":"#87ca09ca-ceb4-73bb-73ca-f5ee2a80093d","tintindex":0},"north":{"uv":[11.75,14.375,11.875,14.5],"rotation":0,"texture":"#87ca09ca-ceb4-73bb-73ca-f5ee2a80093d","tintindex":0},"south":{"uv":[12.25,14.375,12.375,14.5],"rotation":0,"texture":"#87ca09ca-ceb4-73bb-73ca-f5ee2a80093d","tintindex":0},"up":{"uv":[6.375,13.375,6.25,13.125],"rotation":0,"texture":"#87ca09ca-ceb4-73bb-73ca-f5ee2a80093d","tintindex":0},"west":{"uv":[6.875,13.125,7.125,13.25],"rotation":0,"texture":"#87ca09ca-ceb4-73bb-73ca-f5ee2a80093d","tintindex":0}}},{"name":"cube","from":[4.3999996,9.2,6.8],"to":[6.8,9.8,9.2],"rotation":{"angle":0.0,"axis":"x","origin":[10.4,-2.8000002,7.4]},"faces":{"down":{"uv":[6.75,3.75,6.25,4.25],"rotation":0,"texture":"#87ca09ca-ceb4-73bb-73ca-f5ee2a80093d","tintindex":0},"east":{"uv":[3.125,10.75,3.625,10.875],"rotation":0,"texture":"#87ca09ca-ceb4-73bb-73ca-f5ee2a80093d","tintindex":0},"north":{"uv":[10.75,0.375,11.25,0.5],"rotation":0,"texture":"#87ca09ca-ceb4-73bb-73ca-f5ee2a80093d","tintindex":0},"south":{"uv":[6.375,10.75,6.875,10.875],"rotation":0,"texture":"#87ca09ca-ceb4-73bb-73ca-f5ee2a80093d","tintindex":0},"up":{"uv":[3.75,6.75,3.25,6.25],"rotation":0,"texture":"#87ca09ca-ceb4-73bb-73ca-f5ee2a80093d","tintindex":0},"west":{"uv":[10.75,6.875,11.25,7.0],"rotation":0,"texture":"#87ca09ca-ceb4-73bb-73ca-f5ee2a80093d","tintindex":0}}},{"name":"cube","from":[5.0,9.8,7.4],"to":[6.2,10.4,8.6],"rotation":{"angle":0.0,"axis":"x","origin":[10.4,-2.8000002,7.4]},"faces":{"down":{"uv":[7.5,10.75,7.25,11.0],"rotation":0,"texture":"#87ca09ca-ceb4-73bb-73ca-f5ee2a80093d","tintindex":0},"east":{"uv":[13.125,10.375,13.375,10.5],"rotation":0,"texture":"#87ca09ca-ceb4-73bb-73ca-f5ee2a80093d","tintindex":0},"north":{"uv":[13.125,9.75,13.375,9.875],"rotation":0,"texture":"#87ca09ca-ceb4-73bb-73ca-f5ee2a80093d","tintindex":0},"south":{"uv":[13.125,11.0,13.375,11.125],"rotation":0,"texture":"#87ca09ca-ceb4-73bb-73ca-f5ee2a80093d","tintindex":0},"up":{"uv":[11.0,7.375,10.75,7.125],"rotation":0,"texture":"#87ca09ca-ceb4-73bb-73ca-f5ee2a80093d","tintindex":0},"west":{"uv":[13.125,11.25,13.375,11.375],"rotation":0,"texture":"#87ca09ca-ceb4-73bb-73ca-f5ee2a80093d","tintindex":0}}},{"name":"cube","from":[3.7999997,8.0,7.4],"to":[4.3999996,9.2,8.6],"rotation":{"angle":0.0,"axis":"x","origin":[10.4,-2.8000002,7.4]},"faces":{"down":{"uv":[13.0,13.125,12.875,13.375],"rotation":0,"texture":"#87ca09ca-ceb4-73bb-73ca-f5ee2a80093d","tintindex":0},"east":{"uv":[10.75,8.25,11.0,8.5],"rotation":0,"texture":"#87ca09ca-ceb4-73bb-73ca-f5ee2a80093d","tintindex":0},"north":{"uv":[10.5,13.125,10.625,13.375],"rotation":0,"texture":"#87ca09ca-ceb4-73bb-73ca-f5ee2a80093d","tintindex":0},"south":{"uv":[13.125,11.5,13.25,11.75],"rotation":0,"texture":"#87ca09ca-ceb4-73bb-73ca-f5ee2a80093d","tintindex":0},"up":{"uv":[13.25,12.625,13.125,12.375],"rotation":0,"texture":"#87ca09ca-ceb4-73bb-73ca-f5ee2a80093d","tintindex":0},"west":{"uv":[8.375,10.75,8.625,11.0],"rotation":0,"texture":"#87ca09ca-ceb4-73bb-73ca-f5ee2a80093d","tintindex":0}}}],"display":{"head":{"translation":[0.0,-6.4,0.0],"rotation":[0.0,0.0,0.0],"scale":[3.8095,3.8095,3.8095]},"gui":{"translation":[0.0,0.0,0.0],"rotation":[35.0,225.0,0.0],"scale":[0.625,0.625,0.625]}}}