{"file_name":"r_hand","texture_size":[128,128],"textures":{"87ca09ca-ceb4-73bb-73ca-f5ee2a80093d":"modelengine:entity/mikochar"},"elements":[{"name":"cube","from":[8.0,7.4,6.8],"to":[10.4,9.2,9.2],"rotation":{"angle":0.0,"axis":"x","origin":[5.6,-2.8000002,7.4]},"faces":{"down":{"uv":[6.375,6.25,5.875,6.75],"rotation":0,"texture":"#87ca09ca-ceb4-73bb-73ca-f5ee2a80093d","tintindex":0},"east":{"uv":[3.0,7.375,3.5,7.75],"rotation":0,"texture":"#87ca09ca-ceb4-73bb-73ca-f5ee2a80093d","tintindex":0},"north":{"uv":[7.0,7.25,7.5,7.625],"rotation":0,"texture":"#87ca09ca-ceb4-73bb-73ca-f5ee2a80093d","tintindex":0},"south":{"uv":[3.625,7.375,4.125,7.75],"rotation":0,"texture":"#87ca09ca-ceb4-73bb-73ca-f5ee2a80093d","tintindex":0},"up":{"uv":[4.375,6.75,3.875,6.25],"rotation":0,"texture":"#87ca09ca-ceb4-73bb-73ca-f5ee2a80093d","tintindex":0},"west":{"uv":[7.375,4.125,7.875,4.5],"rotation":0,"texture":"#87ca09ca-ceb4-73bb-73ca-f5ee2a80093d","tintindex":0}}},{"name":"cube","from":[10.4,8.6,8.0],"to":[11.6,9.8,9.2],"rotation":{"angle":0.0,"axis":"x","origin":[5.6,-2.8000002,7.4]},"faces":{"down":{"uv":[11.25,3.375,11.0,3.625],"rotation":0,"texture":"#87ca09ca-ceb4-73bb-73ca-f5ee2a80093d","tintindex":0},"east":{"uv":[10.875,10.875,11.125,11.125],"rotation":0,"texture":"#87ca09ca-ceb4-73bb-73ca-f5ee2a80093d","tintindex":0},"north":{"uv":[10.875,10.5,11.125,10.75],"rotation":0,"texture":"#87ca09ca-ceb4-73bb-73ca-f5ee2a80093d","tintindex":0},"south":{"uv":[2.375,11.0,2.625,11.25],"rotation":0,"texture":"#87ca09ca-ceb4-73bb-73ca-f5ee2a80093d","tintindex":0},"up":{"uv":[3.375,11.25,3.125,11.0],"rotation":0,"texture":"#87ca09ca-ceb4-73bb-73ca-f5ee2a80093d","tintindex":0},"west":{"uv":[11.0,3.0,11.25,3.25],"rotation":0,"texture":"#87ca09ca-ceb4-73bb-73ca-f5ee2a80093d","tintindex":0}}},{"name":"cube","from":[10.4,9.2,9.2],"to":[11.6,9.8,9.8],"rotation":{"angle":0.0,"axis":"x","origin":[5.6,-2.8000002,7.4]},"faces":{"down":{"uv":[13.75,0.5,13.5,0.625],"rotation":0,"texture":"#87ca09ca-ceb4-73bb-73ca-f5ee2a80093d","tintindex":0},"east":{"uv":[6.5,14.625,6.625,14.75],"rotation":0,"texture":"#87ca09ca-ceb4-73bb-73ca-f5ee2a80093d","tintindex":0},"north":{"uv":[13.375,12.5,13.625,12.625],"rotation":0,"texture":"#87ca09ca-ceb4-73bb-73ca-f5ee2a80093d","tintindex":0},"south":{"uv":[13.375,13.375,13.625,13.5],"rotation":0,"texture":"#87ca09ca-ceb4-73bb-73ca-f5ee2a80093d","tintindex":0},"up":{"uv":[13.75,0.375,13.5,0.25],"rotation":0,"texture":"#87ca09ca-ceb4-73bb-73ca-f5ee2a80093d","tintindex":0},"west":{"uv":[6.75,14.625,6.875,14.75],"rotation":0,"texture":"#87ca09ca-ceb4-73bb-73ca-f5ee2a80093d","tintindex":0}}},{"name":"cube","from":[9.8,9.8,7.4],"to":[12.2,10.4,11.0],"rotation":{"angle":0.0,"axis":"x","origin":[5.6,-2.8000002,7.4]},"faces":{"down":{"uv":[6.375,4.75,5.875,5.5],"rotation":0,"texture":"#87ca09ca-ceb4-73bb-73ca-f5ee2a80093d","tintindex":0},"east":{"uv":[9.125,1.875,9.875,2.0],"rotation":0,"texture":"#87ca09ca-ceb4-73bb-73ca-f5ee2a80093d","tintindex":0},"north":{"uv":[10.875,6.125,11.375,6.25],"rotation":0,"texture":"#87ca09ca-ceb4-73bb-73ca-f5ee2a80093d","tintindex":0},"south":{"uv":[11.0,3.75,11.5,3.875],"rotation":0,"texture":"#87ca09ca-ceb4-73bb-73ca-f5ee2a80093d","tintindex":0},"up":{"uv":[6.25,2.25,5.75,1.5],"rotation":0,"texture":"#87ca09ca-ceb4-73bb-73ca-f5ee2a80093d","tintindex":0},"west":{"uv":[9.25,7.375,10.0,7.5],"rotation":0,"texture":"#87ca09ca-ceb4-73bb-73ca-f5ee2a80093d","tintindex":0}}},{"name":"cube","from":[9.8,5.0,10.4],"to":[12.2,9.8,11.0],"rotation":{"angle":0.0,"axis":"x","origin":[5.6,-2.8000002,7.4]},"faces":{"down":{"uv":[11.5,5.375,11.0,5.5],"rotation":0,"texture":"#87ca09ca-ceb4-73bb-73ca-f5ee2a80093d","tintindex":0},"east":{"uv":[5.0,7.875,5.125,8.875],"rotation":0,"texture":"#87ca09ca-ceb4-73bb-73ca-f5ee2a80093d","tintindex":0},"north":{"uv":[2.0,5.25,2.5,6.25],"rotation":0,"texture":"#87ca09ca-ceb4-73bb-73ca-f5ee2a80093d","tintindex":0},"south":{"uv":[0.625,5.375,1.125,6.375],"rotation":0,"texture":"#87ca09ca-ceb4-73bb-73ca-f5ee2a80093d","tintindex":0},"up":{"uv":[11.5,4.875,11.0,4.75],"rotation":0,"texture":"#87ca09ca-ceb4-73bb-73ca-f5ee2a80093d","tintindex":0},"west":{"uv":[5.25,7.875,5.375,8.875],"rotation":0,"texture":"#87ca09ca-ceb4-73bb-73ca-f5ee2a80093d","tintindex":0}}}],"display":{"head":{"translation":[0.0,-6.4,0.0],"rotation":[0.0,0.0,0.0],"scale":[3.8095,3.8095,3.8095]},"gui":{"translation":[0.0,0.0,0.0],"rotation":[35.0,225.0,0.0],"scale":[0.625,0.625,0.625]}}}