{"file_name":"r_leg","texture_size":[128,128],"textures":{"87ca09ca-ceb4-73bb-73ca-f5ee2a80093d":"modelengine:entity/mikochar"},"elements":[{"name":"cube","from":[8.0,1.3999997,7.4],"to":[9.2,2.6,8.6],"rotation":{"angle":0.0,"axis":"x","origin":[6.8,1.9999998,8.0]},"faces":{"down":{"uv":[10.125,3.75,9.875,4.0],"rotation":0,"texture":"#87ca09ca-ceb4-73bb-73ca-f5ee2a80093d","tintindex":0},"east":{"uv":[9.75,6.875,10.0,7.125],"rotation":0,"texture":"#87ca09ca-ceb4-73bb-73ca-f5ee2a80093d","tintindex":0},"north":{"uv":[7.375,6.0,7.625,6.25],"rotation":0,"texture":"#87ca09ca-ceb4-73bb-73ca-f5ee2a80093d","tintindex":0},"south":{"uv":[9.875,1.375,10.125,1.625],"rotation":0,"texture":"#87ca09ca-ceb4-73bb-73ca-f5ee2a80093d","tintindex":0},"up":{"uv":[10.125,3.625,9.875,3.375],"rotation":0,"texture":"#87ca09ca-ceb4-73bb-73ca-f5ee2a80093d","tintindex":0},"west":{"uv":[9.875,2.375,10.125,2.625],"rotation":0,"texture":"#87ca09ca-ceb4-73bb-73ca-f5ee2a80093d","tintindex":0}}},{"name":"cube","from":[8.0,1.3999997,8.6],"to":[9.2,3.1999998,9.8],"rotation":{"angle":0.0,"axis":"x","origin":[6.8,1.9999998,8.0]},"faces":{"down":{"uv":[10.125,5.75,9.875,6.0],"rotation":0,"texture":"#87ca09ca-ceb4-73bb-73ca-f5ee2a80093d","tintindex":0},"east":{"uv":[4.25,8.375,4.5,8.75],"rotation":0,"texture":"#87ca09ca-ceb4-73bb-73ca-f5ee2a80093d","tintindex":0},"north":{"uv":[4.75,3.5,5.0,3.875],"rotation":0,"texture":"#87ca09ca-ceb4-73bb-73ca-f5ee2a80093d","tintindex":0},"south":{"uv":[7.875,8.5,8.125,8.875],"rotation":0,"texture":"#87ca09ca-ceb4-73bb-73ca-f5ee2a80093d","tintindex":0},"up":{"uv":[10.125,4.375,9.875,4.125],"rotation":0,"texture":"#87ca09ca-ceb4-73bb-73ca-f5ee2a80093d","tintindex":0},"west":{"uv":[8.25,8.5,8.5,8.875],"rotation":0,"texture":"#87ca09ca-ceb4-73bb-73ca-f5ee2a80093d","tintindex":0}}},{"name":"cube","from":[8.0,3.1999998,8.0],"to":[9.2,5.0,9.8],"rotation":{"angle":0.0,"axis":"x","origin":[6.8,1.9999998,8.0]},"faces":{"down":{"uv":[1.375,8.625,1.125,9.0],"rotation":0,"texture":"#87ca09ca-ceb4-73bb-73ca-f5ee2a80093d","tintindex":0},"east":{"uv":[6.25,7.375,6.625,7.75],"rotation":0,"texture":"#87ca09ca-ceb4-73bb-73ca-f5ee2a80093d","tintindex":0},"north":{"uv":[0.0,8.625,0.25,9.0],"rotation":0,"texture":"#87ca09ca-ceb4-73bb-73ca-f5ee2a80093d","tintindex":0},"south":{"uv":[0.375,8.625,0.625,9.0],"rotation":0,"texture":"#87ca09ca-ceb4-73bb-73ca-f5ee2a80093d","tintindex":0},"up":{"uv":[1.0,9.0,0.75,8.625],"rotation":0,"texture":"#87ca09ca-ceb4-73bb-73ca-f5ee2a80093d","tintindex":0},"west":{"uv":[7.5,0.5,7.875,0.875],"rotation":0,"texture":"#87ca09ca-ceb4-73bb-73ca-f5ee2a80093d","tintindex":0}}},{"name":"cube","from":[7.4,5.0,7.4],"to":[9.2,7.4,9.2],"rotation":{"angle":0.0,"axis":"x","origin":[6.8,1.9999998,8.0]},"faces":{"down":{"uv":[1.5,7.5,1.125,7.875],"rotation":0,"texture":"#87ca09ca-ceb4-73bb-73ca-f5ee2a80093d","tintindex":0},"east":{"uv":[5.25,6.375,5.625,6.875],"rotation":0,"texture":"#87ca09ca-ceb4-73bb-73ca-f5ee2a80093d","tintindex":0},"north":{"uv":[4.125,5.625,4.5,6.125],"rotation":0,"texture":"#87ca09ca-ceb4-73bb-73ca-f5ee2a80093d","tintindex":0},"south":{"uv":[6.5,0.0,6.875,0.5],"rotation":0,"texture":"#87ca09ca-ceb4-73bb-73ca-f5ee2a80093d","tintindex":0},"up":{"uv":[1.0,7.875,0.625,7.5],"rotation":0,"texture":"#87ca09ca-ceb4-73bb-73ca-f5ee2a80093d","tintindex":0},"west":{"uv":[0.625,6.5,1.0,7.0],"rotation":0,"texture":"#87ca09ca-ceb4-73bb-73ca-f5ee2a80093d","tintindex":0}}},{"name":"cube","from":[6.8,7.4,7.4],"to":[9.2,8.0,9.2],"rotation":{"angle":0.0,"axis":"x","origin":[6.8,1.9999998,8.0]},"faces":{"down":{"uv":[4.625,3.5,4.125,3.875],"rotation":0,"texture":"#87ca09ca-ceb4-73bb-73ca-f5ee2a80093d","tintindex":0},"east":{"uv":[6.875,4.125,7.25,4.25],"rotation":0,"texture":"#87ca09ca-ceb4-73bb-73ca-f5ee2a80093d","tintindex":0},"north":{"uv":[9.875,4.5,10.375,4.625],"rotation":0,"texture":"#87ca09ca-ceb4-73bb-73ca-f5ee2a80093d","tintindex":0},"south":{"uv":[9.875,6.125,10.375,6.25],"rotation":0,"texture":"#87ca09ca-ceb4-73bb-73ca-f5ee2a80093d","tintindex":0},"up":{"uv":[3.875,3.125,3.375,2.75],"rotation":0,"texture":"#87ca09ca-ceb4-73bb-73ca-f5ee2a80093d","tintindex":0},"west":{"uv":[7.0,1.625,7.375,1.75],"rotation":0,"texture":"#87ca09ca-ceb4-73bb-73ca-f5ee2a80093d","tintindex":0}}}],"display":{"head":{"translation":[0.0,-6.4,0.0],"rotation":[0.0,0.0,0.0],"scale":[3.8095,3.8095,3.8095]},"gui":{"translation":[0.0,0.0,0.0],"rotation":[35.0,225.0,0.0],"scale":[0.625,0.625,0.625]}}}