{"data":19,"parent":"item/generated","textures":{"layer0":"item/leather_horse_armor"},"overrides":[{"predicate":{"custom_model_data":1},"model":"modelengine:mikochar/l_leg"},{"predicate":{"custom_model_data":2},"model":"modelengine:mikochar/r_leg"},{"predicate":{"custom_model_data":3},"model":"modelengine:mikochar/booster"},{"predicate":{"custom_model_data":4},"model":"modelengine:mikochar/bone2"},{"predicate":{"custom_model_data":5},"model":"modelengine:mikochar/r_hand"},{"predicate":{"custom_model_data":6},"model":"modelengine:mikochar/bone"},{"predicate":{"custom_model_data":7},"model":"modelengine:mikochar/l_hand"},{"predicate":{"custom_model_data":8},"model":"modelengine:mikochar/back_rope"},{"predicate":{"custom_model_data":9},"model":"modelengine:mikochar/head"},{"predicate":{"custom_model_data":10},"model":"modelengine:mikochar/boby"},{"predicate":{"custom_model_data":11},"model":"modelengine:pekodam/l_leg"},{"predicate":{"custom_model_data":12},"model":"modelengine:pekodam/r_leg"},{"predicate":{"custom_model_data":13},"model":"modelengine:pekodam/backbooster"},{"predicate":{"custom_model_data":14},"model":"modelengine:pekodam/head"},{"predicate":{"custom_model_data":15},"model":"modelengine:pekodam/bone2"},{"predicate":{"custom_model_data":16},"model":"modelengine:pekodam/r_hand"},{"predicate":{"custom_model_data":17},"model":"modelengine:pekodam/bone"},{"predicate":{"custom_model_data":18},"model":"modelengine:pekodam/l_hand"},{"predicate":{"custom_model_data":19},"model":"modelengine:pekodam/boby"}]}